,Does your employer provide mental health benefits as part of healthcare coverage?,Do you k0w the options for mental health care available under your employer-provided coverage?,"Has your employer ever formally discussed mental health (for example, as part of a wellness campaign or other official communication)?",Does your employer offer resources to learn more about mental health concerns and options for seeking help?,Is your a0nymity protected if you choose to take advantage of mental health or substance abuse treatment resources provided by your employer?,"If a mental health issue prompted you to re2uest a medical leave from work, asking for that leave would be:",Do you think that discussing a mental health disorder with your employer would have negative conse2uences?,Do you think that discussing a physical health issue with your employer would have negative conse2uences?,Would you feel comfortable discussing a mental health disorder with your coworkers?,Would you feel comfortable discussing a mental health disorder with your direct supervisor(s)?,Do you feel that your employer takes mental health as seriously as physical health?,Have you heard of or observed negative conse2uences for co-workers who have been open about mental health issues in your workplace?,Would you have been willing to discuss a mental health issue with your direct supervisor(s)?,Do you feel that being identified as a person with a mental health issue would hurt your career?,Do you think that team members/co-workers would view you more negatively if they knew you suffered from a mental health issue?,How willing would you be to share with friends and family that you have a mental illness?,Have you observed or experienced an unsupportive or badly handled response to a mental health issue in your current or previous workplace?,Have your observations of how a0ther individual who discussed a mental health disorder made you less likely to reveal a mental health issue yourself in your current workplace?,Do you have a family history of mental illness?,Have you had a mental health disorder in the past?,Do you currently have a mental health disorder?,Have you been diag0sed with a mental health condition by a medical professional?,Have you ever sought treatment for a mental health issue from a mental health professional?,"If you have a mental health issue, do you feel that it interferes with your work when being treated effectively?","If you have a mental health issue, do you feel that it interferes with your work when 0T being treated effectively?",What is your age?,What is your gender?,What country do you work in?,Do you work remotely?
0,0,1,1,1,1,1,0,0,2,1,1,0,1,0,0,1,0,4,1,1,1,1,1,0,2,3,1,1,0
1,1,1,0,0,0,2,1,2,2,0,0,0,1,1,2,1,1,1,1,1,1,1,1,2,2,2,0,1,2
2,2,0,0,0,2,1,0,0,2,1,1,0,2,1,0,2,0,4,0,0,0,0,0,2,2,3,1,1,2
3,1,1,0,1,1,1,0,0,2,1,2,0,1,2,2,1,1,2,1,1,1,1,1,2,1,4,0,1,1
2,2,0,0,0,2,0,1,1,1,2,0,0,0,2,1,1,1,0,1,1,1,1,1,0,1,2,0,1,2
5,4,4,4,4,4,4,4,4,4,4,4,4,1,2,0,1,0,4,1,1,1,1,1,0,1,3,1,1,1
6,1,2,1,1,1,1,0,0,2,1,1,0,1,0,2,1,1,2,2,1,1,1,1,2,1,3,1,1,0
7,1,1,0,2,2,0,1,0,0,0,0,0,0,1,1,0,0,4,1,1,1,1,1,0,0,3,1,1,2
8,1,2,0,0,1,1,0,0,1,1,1,0,1,0,0,1,0,4,1,1,1,1,1,0,2,3,0,1,1
9,1,1,0,2,1,1,0,0,1,1,0,0,2,0,0,1,0,4,1,1,1,1,1,2,2,4,1,1,1
10,2,0,0,2,2,3,2,2,2,2,2,0,1,2,2,3,0,4,1,1,1,1,1,0,2,5,1,1,2
11,4,4,4,4,4,4,4,4,4,4,4,4,4,1,1,0,1,1,2,1,1,1,1,1,1,3,0,1,1
12,2,0,0,0,2,2,1,0,0,0,1,0,0,1,1,2,0,4,1,1,1,1,1,0,2,3,1,1,2
13,0,4,0,0,2,1,0,0,2,1,2,0,1,1,1,0,2,2,1,2,0,0,0,4,4,3,1,1,2
12,1,0,1,2,2,1,0,0,2,1,2,0,1,2,2,2,0,4,0,0,0,0,0,4,4,4,1,1,0
15,4,4,4,4,4,4,4,4,4,4,4,4,1,2,0,4,4,4,0,0,0,0,0,4,4,4,1,1,2
16,1,1,0,1,1,1,0,0,1,1,1,0,2,0,0,1,0,4,0,1,1,1,1,1,2,3,1,1,2
17,2,2,0,0,2,1,2,0,0,2,0,0,4,2,2,1,0,4,2,1,2,0,0,0,1,3,1,1,0
18,1,2,0,1,1,1,0,0,1,2,1,0,1,2,2,1,1,0,1,1,1,1,1,2,1,2,1,1,1
19,4,4,4,4,4,4,4,4,4,4,4,4,1,1,0,1,1,2,1,1,1,0,0,0,2,3,1,1,2
20,1,2,0,2,1,1,0,0,2,1,0,0,1,0,0,1,2,0,2,1,1,0,1,0,2,2,1,1,1
21,0,2,0,0,0,0,2,0,0,0,0,0,0,1,1,1,0,4,0,0,0,0,0,4,4,2,1,1,0
22,1,1,2,1,2,1,2,2,2,2,0,0,0,1,1,1,1,1,1,1,1,1,1,2,1,3,1,1,2
23,4,4,4,4,4,4,4,4,4,4,4,4,1,0,2,1,1,0,1,1,1,1,1,0,1,3,1,1,2
22,2,0,0,2,2,2,2,0,0,2,2,0,1,2,2,2,0,4,2,2,2,0,0,2,2,3,1,1,2
25,1,1,0,0,1,1,0,0,1,2,2,0,1,2,2,1,0,4,0,2,1,1,1,1,1,4,0,1,1
26,1,1,0,0,1,1,2,2,1,1,2,0,1,2,2,1,2,0,1,0,0,0,0,4,4,3,1,1,2
27,1,1,0,1,2,0,2,2,2,1,1,0,1,2,0,2,1,1,1,1,1,1,1,0,2,4,1,1,2
28,1,1,0,0,2,2,2,0,2,2,2,0,1,1,2,2,0,4,0,2,2,1,1,0,1,3,1,1,1
29,1,0,1,1,2,0,2,2,1,1,2,0,1,2,0,0,0,4,0,0,0,0,0,4,4,3,0,1,2
30,1,1,0,1,2,1,0,0,1,1,1,0,4,2,0,1,0,4,1,2,2,1,1,0,1,3,1,1,0
31,1,2,0,0,2,0,0,0,0,2,2,0,1,0,2,0,0,4,2,2,2,0,0,4,4,2,0,1,2
32,2,0,0,0,2,3,2,0,2,0,2,0,2,2,0,2,0,4,2,0,0,0,0,2,2,2,1,1,2
33,1,1,0,0,2,1,0,0,1,1,2,0,1,2,0,1,1,4,0,0,0,0,0,4,4,3,1,1,2
32,0,1,0,0,2,0,2,0,2,2,0,1,1,1,1,1,1,1,1,1,1,1,1,0,1,4,0,1,0
35,1,2,1,1,2,2,2,2,0,0,2,0,1,1,1,1,1,1,1,1,1,1,1,1,1,3,1,1,1
36,1,2,0,2,1,2,2,2,0,2,2,0,1,1,2,1,0,4,1,2,0,0,0,4,4,3,1,1,0
37,2,0,0,0,2,0,1,2,0,0,0,0,0,1,1,0,0,4,1,0,0,0,0,2,2,3,1,1,2
38,1,1,0,0,1,1,0,0,2,1,1,0,1,2,0,1,0,4,1,2,2,0,0,4,2,4,1,1,1
39,2,2,0,2,2,0,2,0,0,0,0,0,1,2,2,3,0,4,0,0,0,0,0,2,2,3,1,1,2
20,1,1,0,1,1,1,0,0,2,1,1,0,1,2,0,1,0,4,1,1,1,1,1,0,2,3,1,1,1
21,2,2,0,2,1,1,0,0,2,1,1,0,4,0,0,1,0,4,0,0,0,0,0,2,2,4,1,1,2
22,1,0,0,2,2,2,2,0,0,2,0,0,0,2,2,0,1,4,0,2,2,0,0,4,4,3,1,1,0
23,4,4,4,4,4,4,4,4,4,4,4,4,1,0,0,1,0,4,2,2,2,1,1,2,1,3,1,1,2
22,2,2,1,1,1,1,0,0,2,2,1,0,4,0,0,1,0,4,1,1,1,1,1,2,1,2,0,1,2
25,1,1,2,1,2,2,2,2,2,2,2,0,2,1,1,0,0,4,1,1,2,1,1,0,1,4,1,1,2
26,2,2,0,0,2,3,0,0,2,1,2,0,1,2,2,1,2,4,0,1,1,1,1,2,1,3,0,1,2
27,1,2,0,2,2,2,0,0,2,2,2,0,1,0,2,1,0,4,1,1,1,1,1,0,1,3,1,1,2
28,2,2,0,2,2,1,0,0,2,2,2,0,1,1,1,2,1,1,0,0,0,0,0,2,2,4,0,1,0
29,2,2,1,2,1,2,0,0,0,0,1,0,2,2,0,1,0,4,2,0,0,0,0,2,2,3,1,1,2
50,1,1,0,0,2,0,2,0,2,1,0,0,1,2,2,1,0,4,1,1,1,1,1,2,1,3,0,1,2
51,1,0,2,2,2,2,2,0,0,0,2,0,0,1,1,4,4,4,0,0,0,0,0,4,4,2,1,1,2
52,2,0,0,0,2,2,1,0,2,1,0,0,4,1,2,1,0,4,2,1,1,1,1,1,1,2,1,1,2
53,2,2,0,0,2,3,0,0,1,1,2,0,2,2,2,1,0,4,1,0,0,0,0,2,2,3,1,1,2
52,2,2,2,2,2,1,2,2,0,0,2,0,0,1,1,1,0,4,1,2,0,0,0,2,2,3,0,1,2
55,4,4,4,4,4,4,4,4,4,4,4,4,1,1,1,1,2,4,0,1,2,1,1,1,1,3,1,1,1
56,1,1,0,0,2,0,2,0,2,0,0,0,1,2,2,1,2,0,1,1,2,0,1,2,2,4,0,1,0
57,1,1,0,1,1,2,2,2,2,2,0,0,2,2,2,1,2,0,1,0,1,1,1,2,2,3,0,1,1
58,1,1,0,0,1,1,0,0,0,1,1,0,4,1,0,0,0,4,0,1,1,1,1,0,1,3,1,1,2
59,2,0,0,2,2,1,0,0,1,1,2,0,0,2,2,2,2,2,0,0,2,0,0,2,2,3,1,1,2
60,1,1,1,1,1,1,0,0,1,1,1,0,0,2,0,1,0,4,1,1,1,1,1,2,1,3,1,1,1
61,1,2,0,2,2,0,1,0,0,0,2,0,4,1,2,1,0,4,1,2,2,0,0,4,4,3,1,1,2
62,1,1,0,1,1,2,2,2,2,2,2,0,2,2,0,1,0,4,0,0,0,0,0,4,4,5,1,1,2
63,2,0,0,0,2,2,0,0,2,1,2,0,1,0,2,1,0,4,1,1,1,1,1,0,1,3,1,1,2
62,1,1,1,1,1,1,0,0,1,1,1,0,0,2,0,1,1,0,1,1,0,1,1,0,1,2,0,1,2
65,2,2,0,2,2,3,0,0,2,2,2,0,1,1,2,1,0,4,1,1,1,1,1,0,1,4,0,1,2
66,1,0,0,0,0,2,2,0,0,0,2,0,1,1,1,2,2,4,1,1,2,1,1,0,2,2,1,1,2
67,1,1,1,2,2,1,0,0,2,1,1,0,0,2,0,4,0,4,2,0,0,0,0,4,4,2,0,1,2
68,4,4,4,4,4,4,4,4,4,4,4,4,2,1,1,1,1,4,2,1,1,1,1,0,2,3,0,1,2
69,4,4,4,4,4,4,4,4,4,4,4,4,1,2,2,1,1,2,1,2,2,0,1,2,1,6,0,1,1
70,2,0,1,0,2,0,1,2,1,0,2,0,1,2,2,1,1,0,2,2,2,0,1,2,1,4,0,1,2
71,1,0,0,0,0,1,2,0,0,2,1,0,0,1,1,2,0,4,0,0,0,0,0,4,4,2,0,1,2
72,2,2,0,2,2,0,2,2,0,2,2,0,1,2,2,1,0,4,2,1,2,1,1,0,2,3,1,1,2
73,1,0,0,2,2,0,1,2,2,0,0,0,0,1,1,0,1,0,2,1,2,1,1,0,1,3,1,1,2
72,0,2,0,0,2,0,1,0,2,1,0,0,1,1,2,1,1,0,1,1,1,1,1,0,2,3,1,1,2
75,1,0,0,1,1,2,2,0,2,1,2,0,0,1,2,2,1,1,2,1,1,1,1,0,0,3,1,1,2
76,2,0,1,2,2,3,0,0,2,1,1,0,1,0,0,1,2,0,1,0,0,0,0,2,2,4,1,1,2
77,1,2,0,2,1,2,2,0,0,2,2,0,2,1,2,4,0,4,0,0,0,0,0,4,4,4,1,1,2
78,1,0,0,2,2,2,0,0,0,2,1,0,2,2,2,2,0,4,0,0,2,1,1,0,2,3,1,1,2
79,2,2,0,2,2,1,0,0,1,1,2,0,2,2,0,1,0,4,0,0,0,0,0,2,2,3,1,1,0
80,1,1,0,2,2,0,1,0,0,0,0,0,1,2,2,1,2,1,2,1,1,1,1,0,2,3,0,1,2
81,1,1,1,1,1,1,0,0,1,1,2,0,1,2,0,1,1,0,1,1,1,1,1,0,2,4,1,1,2
82,2,0,0,2,2,2,1,2,0,2,2,0,1,1,2,1,2,1,2,0,0,0,0,2,2,3,0,1,2
83,1,0,0,2,2,2,2,0,2,1,1,0,1,1,1,1,2,2,1,2,2,1,1,2,2,4,0,1,1
82,1,2,0,0,0,1,2,0,0,1,1,0,1,1,1,1,0,4,2,1,1,1,1,0,1,3,0,1,2
85,1,0,0,0,2,1,1,2,2,2,0,1,1,1,0,1,1,4,0,1,1,1,1,0,1,4,1,1,2
86,1,1,0,2,0,1,0,0,1,1,1,0,0,1,2,1,2,4,0,0,0,0,1,0,1,2,1,1,2
87,0,4,0,0,2,1,1,2,0,0,0,1,0,1,1,1,1,1,0,0,0,0,0,4,4,3,1,1,2
88,1,1,2,1,1,1,0,0,2,1,1,0,1,0,0,1,0,4,0,1,1,1,1,0,2,2,1,1,2
89,4,4,4,4,4,4,4,4,4,4,4,4,1,1,2,1,1,2,2,1,1,1,0,0,2,2,1,1,1
90,4,4,4,4,4,4,4,4,4,4,4,4,4,1,1,1,4,4,0,1,0,1,1,2,1,5,0,1,1
91,1,0,2,2,2,2,2,0,2,2,2,0,1,2,2,1,0,4,1,2,2,0,1,4,2,4,1,1,1
92,4,4,4,4,4,4,4,4,4,4,4,4,1,2,2,1,2,0,1,1,1,1,1,2,1,3,0,1,1
93,2,0,1,0,2,1,0,0,1,1,2,0,2,1,0,1,0,4,2,2,0,0,0,2,2,3,1,1,0
92,1,0,0,2,2,1,2,2,1,1,2,0,4,1,0,0,0,4,0,0,0,0,0,4,4,4,1,1,0
95,0,2,0,2,1,1,1,2,2,2,2,0,1,1,0,2,2,4,2,1,1,1,1,2,1,3,1,1,2
96,1,1,0,2,1,1,2,2,0,0,0,0,0,1,2,2,0,4,0,2,0,0,0,4,4,3,1,1,2
97,1,1,0,1,1,1,0,0,2,1,1,0,2,1,2,1,1,1,1,1,1,1,1,2,1,3,1,1,2
98,1,1,0,2,2,0,2,2,2,2,1,0,1,1,1,1,2,2,0,1,1,1,1,2,1,2,0,1,0
99,1,1,0,1,2,1,2,0,2,0,2,0,4,1,2,1,2,4,0,1,1,0,0,0,1,2,0,1,2
100,1,1,1,1,1,1,1,2,0,0,1,0,4,1,1,4,0,4,2,0,0,0,1,4,4,6,0,1,0
101,1,1,1,1,1,2,2,0,2,2,0,0,0,1,2,1,2,0,0,1,1,0,0,4,4,2,1,1,0
102,2,2,0,2,2,3,2,0,2,1,2,0,2,2,2,1,0,4,0,0,0,0,0,2,2,4,1,1,0
103,0,2,0,0,2,2,2,2,2,2,2,0,1,1,2,1,2,0,2,2,0,0,1,4,4,4,1,1,1
102,1,0,0,1,2,2,2,2,0,2,0,0,1,1,1,0,0,4,2,2,2,0,0,4,2,3,1,1,2
105,0,4,0,0,0,2,2,2,1,1,0,0,0,1,2,0,2,0,1,1,1,1,1,2,1,3,1,1,0
106,1,2,0,2,1,1,2,2,2,0,2,0,4,1,2,1,0,4,0,0,0,0,0,4,4,2,1,1,2
107,1,1,0,0,1,0,2,0,0,0,0,0,1,1,2,1,1,0,1,1,1,1,1,2,1,2,0,1,2
108,2,2,0,0,2,1,0,0,2,2,2,0,1,2,1,1,2,0,1,1,1,1,1,0,1,3,0,1,0
109,1,2,2,2,2,1,0,0,1,1,1,0,2,0,0,1,0,4,1,2,1,1,1,2,1,3,1,1,1
110,1,1,0,0,1,0,2,0,2,2,1,0,0,1,2,1,1,2,1,1,1,1,1,0,1,2,1,1,0
111,1,1,1,1,1,1,0,0,1,1,1,0,1,0,0,1,0,4,2,1,1,1,1,2,1,4,1,1,2
112,1,1,2,1,1,0,0,0,1,1,1,0,1,2,2,4,2,0,1,2,0,0,1,4,4,3,0,1,0
113,1,0,0,2,2,1,0,0,1,1,1,0,1,0,2,1,0,4,0,1,1,1,1,0,1,2,1,1,2
112,1,0,0,2,2,1,2,0,2,2,2,0,1,1,1,1,2,1,0,1,2,1,1,0,2,4,1,1,2
115,1,2,2,1,2,1,2,0,2,2,1,0,1,2,2,1,0,4,1,1,1,1,1,0,2,3,1,1,1
116,1,1,0,0,2,0,2,2,1,1,2,0,1,2,2,1,1,2,0,1,1,1,1,2,1,3,0,1,2
117,1,1,1,1,1,2,2,0,1,2,1,0,0,2,2,2,2,0,1,1,0,1,1,0,1,3,1,1,2
118,1,1,0,1,2,0,1,2,0,0,0,0,0,1,1,0,0,4,1,1,1,1,1,2,1,2,1,1,2
119,1,1,0,1,1,0,2,0,2,1,1,0,1,1,1,1,2,1,1,1,2,0,1,2,1,3,0,1,1
120,1,1,0,1,2,1,0,0,1,1,0,1,1,2,0,1,1,0,1,1,1,1,1,2,2,3,0,1,2
121,2,2,0,0,2,0,2,0,2,1,1,0,1,2,2,1,2,2,0,1,2,0,1,2,2,3,1,1,0
122,2,0,0,0,2,0,2,0,0,0,2,0,1,0,0,1,0,4,0,1,1,1,1,2,1,3,1,1,0
123,0,0,0,0,2,0,1,0,0,0,2,0,1,2,1,1,0,4,1,1,1,1,1,0,1,2,1,1,1
122,1,1,2,2,1,1,0,0,2,1,1,0,1,0,0,2,0,4,1,1,0,1,1,0,2,2,1,1,1
125,2,0,0,0,2,3,2,2,0,0,1,0,2,2,0,2,2,4,0,0,0,0,0,2,2,3,1,1,0
126,2,0,2,2,2,2,2,2,2,2,0,0,4,2,2,2,0,4,0,0,0,0,0,2,2,3,1,1,2
127,2,0,0,2,2,1,0,0,2,1,0,0,1,0,2,1,0,4,0,0,0,0,0,2,2,4,1,1,0
128,1,2,0,2,2,1,2,0,2,2,1,0,1,1,1,0,0,4,1,2,0,0,1,0,1,3,0,1,1
129,1,1,0,0,2,2,2,0,1,1,0,0,0,1,1,1,0,4,2,1,2,0,0,1,2,3,1,1,2
130,1,1,0,1,2,0,2,2,0,0,2,1,4,1,1,1,1,0,1,1,1,1,1,2,2,3,0,1,0
131,2,0,0,1,0,0,2,2,0,0,0,0,4,1,1,0,2,0,2,1,1,1,1,0,1,3,0,1,2
132,1,1,1,1,1,1,0,0,2,1,1,0,1,2,2,1,1,2,1,1,0,0,1,4,4,3,1,1,0
133,1,1,2,2,1,1,0,0,1,1,1,0,1,2,0,1,0,4,1,0,0,0,0,4,4,4,0,1,1
132,1,1,1,1,0,1,1,0,2,0,0,0,0,1,1,1,2,0,1,1,1,1,1,0,2,3,1,1,2
135,1,1,0,1,1,1,0,0,1,1,1,0,1,2,0,1,0,4,1,0,0,0,0,4,4,3,1,1,2
136,4,4,4,4,4,4,4,4,4,4,4,4,0,2,1,0,0,4,1,1,2,1,1,2,2,3,1,1,2
137,2,0,0,2,2,1,2,0,1,2,0,0,1,2,0,1,0,4,0,1,0,0,1,0,1,3,1,1,2
138,2,2,0,2,2,3,2,2,2,2,2,0,1,2,2,3,0,4,2,2,2,1,1,2,2,4,0,1,2
139,0,4,0,0,2,1,0,0,2,1,1,0,0,0,2,1,1,0,1,1,1,1,1,2,1,3,0,1,1
120,0,2,0,2,2,0,2,2,0,0,0,0,2,1,1,4,4,4,0,2,0,0,0,4,4,4,1,1,0
121,1,1,0,1,2,2,2,0,2,2,2,0,1,2,2,1,2,4,1,1,1,1,1,1,1,3,1,1,0
122,1,1,1,1,2,1,0,0,2,1,1,0,0,2,0,1,1,0,1,1,1,1,1,0,1,3,0,1,2
123,1,1,1,0,1,2,2,2,2,2,0,1,0,1,1,0,1,4,1,1,1,1,1,0,1,3,1,1,2
122,4,4,4,4,4,4,4,4,4,4,4,4,1,2,0,1,1,1,1,1,1,1,1,2,1,3,1,1,1
125,1,1,1,1,1,1,0,0,2,2,1,1,1,2,2,1,1,1,1,1,2,1,1,0,1,3,1,1,0
126,1,2,2,2,2,1,0,0,2,1,1,0,1,2,2,1,0,4,0,1,1,1,1,2,1,4,1,1,2
127,1,1,0,2,2,2,2,0,2,0,2,0,2,2,2,0,2,0,1,2,2,1,1,2,1,4,0,1,2
128,1,2,0,1,1,1,0,0,1,1,1,0,1,0,0,1,0,4,1,1,2,0,1,0,1,3,1,1,2
129,1,1,2,1,1,1,0,0,1,1,1,0,1,0,0,1,2,0,1,1,1,1,1,0,1,3,1,1,2
150,1,0,1,1,1,2,0,0,2,1,0,0,0,1,1,1,1,1,0,0,0,0,0,4,4,3,0,1,2
151,1,1,0,1,2,2,2,0,2,1,2,0,1,2,2,1,1,2,1,1,1,1,1,0,1,2,0,1,2
152,1,1,1,1,2,0,1,2,2,0,0,0,1,1,1,1,2,0,0,2,2,0,0,4,2,3,1,1,1
153,1,2,1,2,2,0,2,0,2,2,0,0,1,2,0,1,1,0,1,1,1,1,1,2,1,3,0,1,2
152,1,1,2,1,1,1,0,0,1,1,1,0,1,2,0,1,2,0,1,0,0,0,1,2,1,3,0,1,2
155,1,1,0,1,1,1,2,0,2,2,2,0,0,2,2,0,1,1,0,1,1,1,1,2,1,3,0,1,2
156,1,1,1,1,1,1,0,0,1,1,1,0,1,2,0,1,0,4,1,1,0,0,1,0,1,2,1,1,2
157,1,1,1,1,1,1,0,0,1,1,1,0,1,2,0,1,1,2,0,1,1,1,1,2,1,2,1,1,2
158,1,2,2,1,2,1,0,0,2,2,1,0,1,2,0,2,0,4,2,0,0,0,0,4,4,4,1,1,0
159,1,1,0,0,2,1,2,2,2,2,0,0,4,2,2,1,2,4,2,2,1,1,1,2,1,2,1,1,0
160,2,2,0,1,2,0,1,1,0,2,0,1,2,1,1,0,2,2,2,2,2,0,1,2,2,2,1,1,0
161,1,2,2,2,2,2,0,0,1,0,2,0,1,0,0,1,0,4,0,0,1,1,1,0,2,3,1,1,1
162,4,4,4,4,4,4,4,4,4,4,4,4,1,1,1,1,1,1,1,1,2,0,1,2,1,3,1,1,2
163,1,0,1,2,1,1,2,2,2,0,2,0,1,2,2,1,2,0,1,0,0,0,0,4,4,3,0,1,2
162,1,2,2,1,2,1,0,0,0,2,2,0,1,1,2,0,1,4,1,2,0,0,1,4,2,3,1,1,1
165,1,1,0,0,2,2,0,0,2,2,2,0,0,0,0,4,0,4,0,1,0,1,1,4,4,3,1,1,2
166,1,1,0,0,2,1,1,2,0,0,0,0,0,1,1,1,0,4,1,1,2,1,1,0,2,2,0,1,0
167,2,0,0,2,2,0,1,2,0,0,2,0,0,2,1,2,2,0,1,1,1,0,0,2,2,3,1,1,0
168,1,0,0,0,2,1,2,0,2,2,0,1,1,1,2,1,1,1,1,1,1,1,1,2,1,2,0,1,1
169,2,2,0,1,2,3,0,0,0,1,1,0,2,2,2,1,0,4,2,0,0,0,0,2,2,3,1,1,2
170,0,0,0,0,0,0,1,2,0,0,0,0,0,1,1,1,1,1,1,1,1,1,1,0,1,5,1,1,2
171,2,0,0,0,2,2,1,1,0,0,2,0,0,1,1,1,0,4,1,1,2,1,1,0,0,4,0,1,2
172,4,4,0,0,2,2,2,2,2,2,1,0,0,2,0,0,0,4,1,1,1,1,1,0,0,4,1,1,1
173,4,4,4,4,4,4,4,4,4,4,4,4,0,1,1,1,0,4,1,1,1,1,1,0,2,4,0,1,1
172,2,0,0,0,2,1,0,0,1,1,1,0,2,2,0,1,0,4,0,0,0,0,0,2,2,4,1,1,2
175,1,2,0,2,2,0,2,0,2,2,1,0,0,1,1,1,0,4,1,1,0,1,1,0,2,5,1,1,2
176,2,2,0,0,1,1,0,0,2,1,2,0,4,2,0,1,0,4,1,1,1,1,1,0,0,3,1,1,2
177,1,1,0,0,2,2,2,2,1,2,2,0,1,2,2,1,0,4,1,1,0,1,1,2,1,3,1,1,0
178,2,0,0,2,2,0,1,0,2,1,2,0,0,1,2,1,0,4,0,0,0,0,0,2,2,4,1,1,2
179,1,2,0,1,2,1,0,0,1,1,1,0,0,2,2,0,1,4,2,1,1,1,1,0,1,4,0,1,2
180,1,2,0,0,2,1,0,0,2,1,0,0,1,0,2,0,1,2,1,2,2,0,0,0,1,2,1,1,1
181,1,1,1,1,1,1,0,0,1,1,1,0,4,0,0,1,4,4,0,1,1,1,1,2,1,3,0,1,2
182,1,1,1,1,2,1,0,0,1,1,1,0,1,2,0,1,1,0,1,1,1,1,0,0,1,3,0,1,2
183,4,4,4,4,4,4,4,4,4,4,4,4,4,1,1,0,0,4,2,0,0,0,0,4,4,3,1,1,2
182,0,1,0,0,2,0,0,0,2,2,2,0,0,2,2,1,1,2,0,1,1,1,1,2,1,2,1,1,2
185,1,1,2,1,1,1,0,0,2,1,1,0,0,2,0,1,2,0,1,0,0,0,0,4,4,3,0,1,1
186,2,0,0,0,2,0,2,0,0,1,0,0,2,1,2,2,1,1,2,1,1,1,1,0,2,3,0,1,0
187,2,0,0,2,2,3,2,0,2,2,2,0,1,2,0,1,0,4,2,0,0,0,0,2,2,4,1,1,0
188,1,2,0,0,2,1,0,0,1,1,1,0,0,0,0,1,0,4,1,0,0,0,0,4,4,3,0,1,2
189,1,2,0,0,2,1,2,0,1,1,2,0,1,2,0,1,1,0,1,1,1,1,1,0,1,3,1,1,2
190,2,0,0,2,2,2,2,0,2,2,0,0,0,2,1,3,0,4,0,0,2,0,0,2,1,4,1,1,0
191,1,2,0,2,0,2,0,0,2,1,2,0,1,1,2,1,1,2,2,2,0,0,1,2,2,5,1,1,0
192,4,4,4,4,4,4,4,4,4,4,4,4,0,2,2,0,0,4,1,1,1,0,1,4,2,4,1,1,2
193,4,2,0,0,2,0,0,0,1,1,2,0,1,2,0,1,0,4,1,1,1,1,1,0,1,3,1,1,2
192,2,0,0,1,1,2,1,2,0,0,2,0,1,1,1,2,2,2,0,0,0,0,0,2,2,2,1,1,0
195,1,1,1,1,1,1,0,0,1,1,1,0,0,2,2,1,2,0,2,1,1,1,1,2,1,4,0,1,2
196,1,1,0,0,2,0,1,0,0,0,0,0,1,1,1,1,2,4,1,1,1,1,1,0,1,4,1,1,0
197,1,2,0,0,2,2,1,2,0,2,2,0,1,1,1,2,1,1,1,1,2,0,1,2,1,3,1,1,1
198,1,0,0,2,2,1,2,2,1,1,2,0,1,1,2,1,1,4,1,1,1,1,1,0,1,3,0,1,1
199,0,0,0,0,2,0,1,0,2,2,0,0,1,1,1,4,2,2,0,0,0,0,0,4,4,3,1,1,2
200,2,2,0,2,2,1,0,0,2,2,0,0,0,0,0,1,0,4,1,2,2,0,0,2,2,3,1,1,2
201,1,1,1,1,1,1,0,0,1,1,1,0,1,2,0,1,0,4,0,0,0,0,0,4,4,2,1,1,1
202,1,2,1,1,1,1,0,0,2,1,1,0,1,2,0,0,2,4,0,1,0,0,0,4,4,3,0,1,1
203,1,0,1,1,2,2,2,1,1,2,1,0,0,2,2,1,1,2,1,1,1,1,1,2,1,4,0,1,2
202,1,2,0,0,1,1,2,2,2,2,1,0,1,0,2,1,0,4,0,1,0,1,1,0,0,3,1,1,2
205,2,0,0,1,2,1,0,0,1,1,1,0,1,2,0,1,1,2,1,1,1,1,1,2,1,3,0,1,0
206,1,1,2,2,1,1,2,2,2,1,1,0,1,1,1,4,1,1,0,2,0,0,0,4,4,4,0,1,2
207,1,1,0,1,1,2,1,2,2,2,0,0,1,1,1,1,1,1,1,1,1,1,1,0,1,3,0,1,2
208,4,4,4,4,4,4,4,4,4,4,4,4,1,2,2,1,2,2,1,1,1,1,1,2,1,3,0,1,1
209,1,1,1,1,2,1,0,0,2,1,1,0,0,1,2,1,2,0,1,1,1,1,1,2,1,3,1,1,2
210,1,2,1,1,1,1,0,0,2,1,2,0,1,1,1,1,2,1,1,1,1,0,1,0,2,3,0,1,2
211,1,1,1,1,1,1,0,0,2,2,1,0,1,2,2,1,1,0,2,1,1,1,1,2,1,3,1,1,2
212,2,2,0,2,2,1,2,0,2,0,0,0,1,2,1,1,2,2,1,1,2,1,1,2,1,4,1,1,0
213,4,4,4,4,4,4,4,4,4,4,4,4,1,1,2,4,1,1,0,0,0,0,0,2,4,2,1,1,2
212,4,4,4,4,4,4,4,4,4,4,4,4,0,2,1,4,1,2,1,0,0,0,1,4,4,4,0,1,1
215,2,2,0,2,2,0,1,1,2,0,0,0,0,1,1,1,2,1,1,1,1,1,1,0,1,2,0,1,2
216,1,1,0,2,2,1,0,0,1,1,2,0,1,0,2,1,0,4,1,1,1,1,1,0,1,3,1,1,2
217,1,1,2,1,1,2,1,1,0,0,2,0,0,1,1,1,1,0,0,0,0,0,0,0,1,3,0,1,2
218,1,2,2,1,1,1,2,0,0,0,2,0,4,1,1,1,0,4,0,0,0,0,0,4,4,3,0,1,0
219,1,1,0,2,2,1,0,0,0,1,1,0,1,1,2,0,0,4,2,1,1,1,1,2,1,3,1,1,1
220,2,0,0,1,2,3,2,0,0,2,2,1,0,1,1,3,1,1,1,0,2,0,0,2,2,3,1,1,2
221,2,0,2,1,2,1,0,0,1,1,1,0,1,0,0,1,0,4,2,1,1,1,1,2,1,4,1,1,0
222,2,2,1,1,2,1,0,2,2,2,1,0,1,2,0,1,0,4,1,1,1,0,1,0,0,3,1,1,2
223,4,4,4,4,4,4,4,4,4,4,4,4,1,0,2,2,1,0,1,2,0,1,1,2,1,2,0,1,1
222,1,2,0,2,1,1,2,0,2,2,2,0,0,1,0,0,2,2,2,0,0,0,0,4,4,3,1,1,0
225,1,1,0,0,1,1,2,0,0,1,1,0,1,1,0,1,1,0,0,2,2,1,1,0,1,3,1,1,2
226,4,4,4,4,4,4,4,4,4,4,4,4,0,1,1,4,4,4,1,1,0,1,1,0,2,3,0,1,1
227,2,0,1,0,2,1,1,2,2,2,1,0,1,1,1,1,0,4,1,1,1,1,1,0,1,3,1,1,0
228,4,4,4,4,4,4,4,4,4,4,4,4,1,2,2,1,0,4,2,0,2,0,0,2,2,3,1,1,2
229,1,1,0,2,2,2,2,0,2,1,0,0,1,1,2,2,2,4,1,1,1,1,1,0,1,4,1,1,2
230,1,0,0,0,2,2,2,0,0,0,2,0,1,1,2,4,1,4,1,1,0,1,1,4,4,4,1,1,1
231,1,1,0,0,2,1,0,0,1,2,2,0,4,2,0,1,0,4,0,0,1,1,1,0,1,2,1,1,2
232,2,0,0,2,2,0,2,2,0,2,2,0,0,2,2,3,0,4,2,1,1,0,0,0,0,3,1,1,2
233,1,2,1,2,2,2,2,0,2,1,2,0,1,1,1,1,1,2,1,1,2,1,1,0,2,4,1,1,0
232,1,2,0,0,2,0,0,0,2,2,0,0,1,1,2,0,0,4,0,0,0,0,0,4,4,2,0,1,0
235,1,1,1,1,1,1,0,0,1,1,1,0,1,0,0,4,0,4,1,1,0,1,1,0,2,3,1,1,2
236,1,0,2,1,2,0,2,2,0,0,0,0,0,2,2,0,1,1,1,1,1,1,0,4,2,2,1,1,2
237,2,2,0,2,2,0,2,2,0,0,2,0,0,1,2,0,1,1,2,2,2,1,1,2,2,3,1,1,2
238,2,2,0,2,2,2,0,0,1,1,2,0,2,2,0,1,0,4,0,0,0,0,0,2,2,3,1,1,2
239,1,1,1,1,1,2,2,0,0,0,2,0,2,1,2,2,2,0,2,0,0,0,0,4,4,3,1,1,2
220,4,4,4,4,4,4,4,4,4,4,4,4,1,1,1,1,0,4,1,1,1,1,1,0,2,4,1,1,1
221,1,1,0,1,2,2,2,0,2,0,0,0,0,1,2,1,1,1,1,1,1,1,1,0,1,3,0,1,2
222,4,4,4,4,4,4,4,4,4,4,4,4,1,1,1,4,2,0,0,0,0,0,0,4,1,3,1,1,2
223,1,0,0,2,1,2,2,2,1,2,2,0,1,1,1,0,1,1,1,2,2,0,1,2,2,2,1,1,1
222,1,0,2,0,2,2,2,0,2,2,2,0,1,1,1,4,2,4,0,0,0,0,0,4,4,3,1,1,2
225,1,2,0,0,2,1,0,0,2,1,2,0,0,2,2,1,0,4,1,1,1,1,1,0,2,6,0,1,2
226,4,4,4,4,4,4,4,4,4,4,4,4,1,2,2,1,0,4,1,1,1,1,1,0,2,4,1,1,2
227,4,4,4,4,4,4,4,4,4,4,4,4,1,2,0,2,2,4,2,1,2,1,1,4,1,6,1,1,1
228,2,2,0,0,0,3,1,0,0,2,2,0,2,2,1,1,1,1,2,2,2,0,1,1,2,4,1,1,0
229,1,0,0,2,2,0,2,2,2,0,1,0,0,1,1,1,2,0,2,1,1,1,1,1,1,3,1,1,1
250,2,2,1,1,1,1,0,0,2,1,1,0,2,2,0,1,0,4,0,0,2,0,0,2,2,2,0,1,0
251,2,2,0,2,2,1,2,2,2,2,2,0,1,1,2,3,0,4,0,0,0,0,0,2,2,3,1,1,2
252,1,1,0,1,1,2,2,0,2,1,0,0,0,2,0,1,2,4,0,0,1,1,1,2,2,3,1,1,2
253,0,4,0,0,0,1,1,0,0,0,2,0,1,1,1,0,1,4,1,1,1,0,1,2,2,4,1,1,2
252,1,1,0,0,1,1,0,0,1,1,1,0,1,2,0,1,0,4,1,1,1,1,1,2,1,3,1,1,2
255,1,2,1,0,2,1,0,0,1,1,2,0,4,0,0,0,0,4,1,1,1,1,1,2,1,2,0,1,2
256,1,1,0,1,2,0,0,0,2,1,1,0,1,0,0,1,2,0,1,1,2,1,1,0,0,3,1,1,1
257,1,0,0,2,2,1,2,2,2,2,0,0,4,1,1,1,2,0,0,1,1,1,1,0,2,4,0,1,2
258,1,2,0,2,2,1,0,0,1,1,1,0,1,2,0,1,1,0,0,1,2,0,0,0,2,3,1,1,1
259,4,4,1,0,1,2,0,0,1,1,1,0,1,2,2,4,0,4,2,2,0,0,1,4,4,4,1,1,2
260,0,4,0,0,2,2,2,2,0,0,2,0,0,1,1,1,2,4,1,2,2,0,0,2,4,3,1,1,2
261,1,2,0,0,2,1,0,0,2,1,2,0,1,2,0,1,0,4,1,1,1,1,1,0,2,2,1,1,2
262,4,4,4,4,4,4,4,4,4,4,4,4,1,2,2,1,0,4,0,0,0,0,0,4,4,3,1,1,2
263,2,0,0,0,2,0,1,0,0,0,0,0,0,1,1,1,1,1,2,1,1,1,1,0,2,3,1,1,0
262,1,0,0,0,2,2,0,0,1,1,2,0,0,1,1,0,0,4,0,2,0,0,0,4,4,3,1,1,2
265,1,1,0,0,0,1,0,0,2,2,0,0,0,2,0,0,2,2,2,2,2,0,0,4,1,4,1,1,0
266,0,0,0,0,2,0,1,0,0,0,2,0,0,2,2,1,2,4,1,1,1,1,1,0,2,2,0,1,0
267,1,1,1,1,2,1,0,0,2,1,1,0,1,2,1,1,2,0,1,1,1,1,1,2,1,4,1,1,2
268,0,0,0,2,2,2,0,0,1,1,2,0,2,2,2,2,0,4,1,2,2,0,0,4,4,2,1,1,0
269,1,2,2,1,1,1,0,0,2,1,2,0,0,2,2,0,0,4,1,0,0,0,0,4,4,4,1,1,2
270,1,2,0,0,2,1,0,0,2,1,2,0,1,2,2,2,4,4,0,0,0,0,0,4,4,4,1,1,2
271,1,1,0,0,1,2,0,0,2,2,1,0,1,2,0,2,2,0,2,2,2,0,0,2,2,3,1,1,2
272,2,2,0,0,2,1,0,0,2,2,1,0,1,2,2,2,0,4,1,2,2,0,0,0,2,3,0,1,0
273,1,2,0,1,2,0,2,0,0,0,2,0,1,2,1,2,0,4,0,2,0,0,0,4,4,3,0,1,0
272,2,2,0,0,2,1,2,2,0,0,2,0,1,1,1,2,0,4,1,1,1,1,1,2,2,2,1,1,2
275,1,2,0,0,1,0,2,2,0,2,0,0,0,2,2,4,2,0,1,0,0,0,0,4,4,3,1,1,0
276,2,0,0,0,2,2,1,0,0,0,2,0,0,1,1,1,0,4,0,0,0,0,0,2,2,3,1,1,2
277,1,0,0,1,1,2,2,0,0,0,2,0,0,1,2,1,0,4,1,1,0,1,1,0,2,3,1,1,2
278,4,4,4,4,4,4,4,4,4,4,4,4,1,2,2,1,0,4,2,1,1,0,0,4,2,2,1,1,1
279,1,2,1,1,2,2,2,0,2,2,0,0,1,2,2,1,2,0,2,1,1,1,1,0,2,3,1,1,0
280,2,2,0,2,0,3,2,2,0,2,2,0,0,2,2,2,0,4,0,2,2,0,1,0,2,6,0,1,2
281,4,4,4,4,4,4,4,4,4,4,4,4,1,2,0,1,2,2,1,1,1,1,0,2,2,5,1,1,1
282,2,2,2,2,2,1,0,0,1,1,1,0,1,2,2,1,0,4,1,1,1,1,1,2,1,3,1,1,0
283,0,4,0,0,2,0,2,2,1,2,0,0,4,1,0,1,0,4,0,1,2,1,1,2,2,2,1,1,1
282,1,0,0,1,2,0,1,0,0,2,2,0,1,1,2,4,1,2,0,0,2,0,0,4,0,2,0,1,2
285,0,2,1,0,2,0,2,0,0,2,2,0,1,1,2,1,1,2,1,1,1,1,1,1,1,2,1,1,1
286,2,0,0,2,2,1,2,0,2,2,2,0,1,1,2,3,2,0,2,2,2,1,1,0,2,4,1,1,2
287,1,1,0,2,2,1,0,0,2,1,1,0,1,2,0,1,0,4,0,0,0,0,0,4,4,5,1,1,1
288,1,1,0,0,1,1,2,0,2,1,2,0,0,2,2,2,0,4,0,1,2,1,1,0,1,3,1,1,2
289,1,1,1,0,2,1,0,0,1,1,1,0,1,0,0,1,0,4,1,0,1,1,1,0,1,3,1,1,0
290,2,2,0,2,2,2,2,2,0,0,0,0,1,2,2,1,2,1,0,1,2,1,1,2,2,3,1,1,0
291,1,2,0,2,0,1,1,2,2,0,0,1,0,1,1,0,1,1,1,2,2,0,1,4,1,2,2,1,2
292,2,2,0,0,2,3,2,0,2,1,0,0,0,2,2,3,2,2,2,1,2,1,1,2,1,2,1,1,2
293,0,1,0,0,0,1,1,0,0,0,0,1,0,1,1,1,1,1,1,1,1,1,1,1,1,6,1,1,2
292,0,4,0,0,2,1,1,2,2,0,0,0,1,1,1,2,2,2,0,1,0,0,0,0,1,3,1,1,2
295,1,1,0,0,2,0,0,0,1,1,1,0,1,1,1,1,1,0,1,1,1,0,1,1,1,3,0,1,1
296,1,0,0,0,2,1,0,0,2,2,2,0,1,2,2,1,1,1,1,1,1,1,1,0,1,3,1,1,2
297,1,0,0,1,0,2,1,1,2,0,0,1,1,1,2,1,1,2,1,1,0,1,1,2,2,3,1,1,2
298,1,2,1,1,1,0,0,0,2,1,1,0,0,2,2,1,2,2,1,0,1,1,1,0,2,3,0,1,2
299,4,4,4,4,4,4,4,4,4,4,4,4,4,2,2,4,4,4,2,0,0,0,0,4,4,3,1,1,2
300,1,1,1,1,2,2,2,0,0,2,2,0,1,2,2,1,1,4,1,1,1,1,1,2,1,3,1,1,2
301,1,0,1,1,2,2,0,0,1,1,1,0,1,1,2,1,0,4,1,1,0,0,1,4,0,3,1,1,2
302,1,1,0,0,2,2,0,0,0,2,2,0,0,2,2,0,1,4,1,2,2,0,1,4,1,4,0,1,0
303,4,4,4,4,4,4,4,4,4,4,4,4,1,1,1,1,2,1,1,1,1,1,1,2,1,6,0,1,2
302,2,2,0,0,2,2,1,1,0,0,0,0,1,1,1,1,0,4,1,1,1,1,1,2,1,3,0,1,2
305,4,4,4,4,4,4,4,4,4,4,4,4,0,1,2,4,1,4,0,0,0,0,0,0,4,4,1,1,1
306,2,0,0,0,2,3,2,2,2,1,2,0,1,2,2,1,0,4,1,1,1,1,1,0,2,4,0,1,0
307,0,1,0,2,2,2,0,0,0,2,2,0,1,0,0,1,0,4,1,1,0,1,1,0,1,3,1,1,2
308,2,0,0,0,2,0,2,0,0,0,0,0,4,2,0,3,0,4,2,0,1,1,1,0,0,3,1,1,0
309,0,4,0,0,2,1,2,2,0,1,2,0,0,2,2,0,2,0,1,1,1,1,1,4,1,2,1,1,2
310,0,2,0,0,2,1,1,0,2,1,1,0,1,1,1,1,0,4,1,1,1,1,1,2,1,2,0,1,0
311,0,0,0,0,0,0,2,0,0,0,2,0,1,2,1,0,2,2,1,2,2,1,1,2,1,3,1,1,1
312,4,4,4,4,4,4,4,4,4,4,4,4,0,1,2,1,1,1,1,2,2,0,0,4,2,3,1,1,2
313,0,0,0,1,2,2,2,0,1,1,2,0,1,2,2,1,0,4,1,1,0,1,1,0,2,3,1,1,2
312,1,2,2,1,2,1,2,0,2,2,2,0,0,1,2,2,2,0,0,0,0,0,0,4,4,3,1,1,2
315,2,2,0,2,2,1,0,0,2,2,2,0,0,2,2,1,1,2,1,1,1,1,1,2,2,2,1,1,0
316,2,2,0,2,2,1,0,0,1,1,1,0,1,2,2,1,1,2,0,0,0,0,0,2,2,3,1,1,0
317,1,0,2,1,2,0,2,2,0,0,2,0,1,1,1,1,2,0,1,1,0,1,1,2,2,3,1,1,2
318,2,0,0,2,2,1,0,0,0,0,1,0,0,2,2,2,0,4,1,0,0,0,0,2,2,3,1,1,0
319,1,2,1,2,2,2,2,0,1,2,2,0,1,2,1,1,0,4,2,0,0,1,1,0,0,4,1,1,2
320,0,1,0,0,2,0,1,0,2,0,0,0,1,1,1,1,0,4,1,1,1,1,1,2,1,3,1,1,2
321,2,0,0,2,2,3,0,0,2,1,2,0,1,2,2,1,0,4,1,2,2,0,1,2,0,3,1,1,2
322,1,1,0,0,1,1,1,0,0,0,0,1,1,1,1,1,1,1,1,1,1,1,1,1,1,3,0,1,2
323,1,2,0,0,2,2,0,2,0,0,2,0,2,1,2,0,0,4,0,0,0,0,0,4,4,2,0,1,0
322,2,2,0,2,1,1,0,0,2,1,1,0,1,0,0,1,0,4,1,1,2,1,1,2,2,3,2,1,0
325,2,2,2,2,2,1,0,0,2,1,1,0,1,0,2,2,0,4,0,0,0,0,0,2,2,2,1,1,2
326,2,0,2,2,2,0,0,0,2,1,2,0,1,2,0,2,2,0,1,2,0,0,1,2,1,2,1,1,2
327,0,4,0,0,2,0,2,0,0,0,0,0,1,1,0,1,0,4,0,0,0,0,0,4,4,3,1,1,2
328,1,2,0,0,2,1,0,0,1,1,1,0,4,0,0,1,0,4,2,1,1,1,1,0,1,3,0,1,2
329,1,0,1,2,1,1,0,0,1,1,1,0,1,0,0,1,0,4,0,0,0,0,0,4,4,3,1,1,0
330,1,1,0,2,2,2,2,2,0,2,0,0,4,0,0,1,2,4,0,0,0,0,0,4,4,3,1,1,0
331,1,1,1,2,2,2,0,0,1,1,1,0,0,2,0,1,0,4,1,1,1,1,1,0,1,4,0,1,2
332,1,0,0,2,2,2,1,0,0,0,0,0,2,2,1,1,1,4,1,1,1,1,1,0,1,3,1,1,1
333,1,2,0,2,2,1,0,0,0,1,1,0,4,2,1,1,0,4,1,1,1,1,1,2,1,2,0,1,2
332,1,1,0,0,2,2,0,0,2,1,2,0,1,1,2,1,1,0,2,2,2,0,0,0,1,3,1,1,2
335,4,4,4,4,4,4,4,4,4,4,4,4,2,1,1,1,1,2,1,1,1,1,1,2,1,4,1,1,2
336,4,4,4,4,4,4,4,4,4,4,4,4,2,2,2,4,0,4,0,0,0,0,0,4,4,2,1,1,2
337,2,0,0,2,1,1,0,0,2,2,1,0,1,2,0,3,1,0,1,1,1,1,1,2,1,2,1,1,0
338,1,1,0,0,2,2,0,0,2,2,2,0,0,2,2,1,0,4,0,1,1,1,1,2,2,3,1,1,2
339,4,2,0,0,2,1,2,0,2,0,2,0,1,2,0,1,1,0,0,1,1,1,1,2,1,2,1,1,0
320,1,1,0,1,1,2,0,0,1,2,2,0,4,0,0,1,0,4,2,1,1,1,1,0,2,6,0,1,0
321,1,1,0,0,2,0,2,0,2,2,2,0,4,2,2,1,2,4,1,1,1,1,1,0,1,4,1,1,2
322,2,2,0,0,2,1,0,0,1,1,2,0,2,2,0,1,0,4,2,0,2,0,0,0,0,3,1,1,0
323,1,1,2,2,2,1,2,2,2,2,2,0,1,2,2,2,0,4,0,0,0,0,1,0,2,3,1,1,2
322,2,2,0,2,2,3,2,2,0,0,2,0,4,1,1,1,0,4,1,1,2,1,1,0,0,3,1,1,2
325,4,4,4,4,4,4,4,4,4,4,4,4,1,2,2,1,2,0,1,1,1,1,1,2,1,3,0,1,1
326,1,1,1,0,0,1,0,0,1,1,1,0,1,0,0,1,0,4,1,2,2,0,1,4,4,2,1,1,1
327,1,2,0,1,2,1,2,2,0,0,2,0,0,1,0,0,4,4,1,1,2,1,1,0,0,3,0,1,1
328,4,4,4,4,4,4,4,4,4,4,4,4,1,1,1,1,2,2,0,2,2,1,1,0,0,3,1,1,1
329,4,4,4,4,4,4,4,4,4,4,4,4,4,1,1,0,0,4,0,2,2,1,1,4,4,2,1,1,1
350,1,1,0,0,1,1,2,0,0,0,0,0,1,1,2,1,0,4,1,1,1,1,1,2,1,3,1,1,0
351,2,2,0,2,2,1,2,2,1,2,2,0,1,2,2,1,2,1,1,1,1,1,1,0,1,4,0,1,2
352,1,0,0,2,2,1,1,0,0,2,2,0,1,1,1,0,0,4,1,2,1,0,0,2,1,3,1,1,2
353,1,1,1,1,1,1,0,0,1,1,1,0,0,0,0,1,1,0,1,1,1,1,1,2,1,3,1,1,2
352,1,1,2,2,0,0,1,0,2,1,0,0,1,1,2,1,1,1,1,1,1,1,1,2,1,3,1,1,2
355,4,4,4,4,4,4,4,4,4,4,4,4,2,1,1,0,1,1,2,2,0,0,0,4,4,3,1,1,1
356,1,2,1,1,1,1,0,0,1,1,2,0,2,0,0,1,0,4,1,1,1,1,1,1,1,3,2,1,2
357,1,2,0,2,2,1,2,0,2,1,0,0,1,1,2,1,0,4,0,0,0,0,0,4,4,3,1,1,2
358,1,0,1,1,1,2,0,0,0,2,2,0,4,1,2,1,0,4,0,1,1,1,1,2,1,3,1,1,0
359,4,4,4,4,4,4,4,4,4,4,4,4,2,1,1,4,1,1,0,2,2,0,0,4,2,2,0,1,2
360,1,2,0,0,1,0,2,0,2,0,2,0,0,2,2,2,2,2,1,1,1,1,1,2,2,3,2,1,2
361,1,2,0,1,2,0,2,0,2,2,2,0,1,2,2,0,2,1,2,2,1,1,0,4,0,2,1,1,2
362,1,2,0,0,2,0,2,0,0,2,2,0,0,1,2,1,0,4,1,1,0,0,0,4,2,3,0,1,1
363,1,1,1,0,1,0,2,2,0,2,1,0,2,2,1,1,2,4,2,0,0,0,0,4,4,2,1,1,2
362,1,0,1,1,1,0,1,2,0,0,1,0,1,1,1,0,2,0,0,0,0,0,0,4,4,3,1,1,0
365,1,1,0,0,2,1,0,0,2,1,1,0,1,2,0,1,0,4,0,0,0,0,0,4,4,2,1,1,2
366,1,2,0,2,1,2,2,0,2,2,0,0,1,0,0,1,0,4,1,1,1,1,1,2,1,3,1,1,2
367,1,0,0,1,2,1,0,0,2,1,1,0,1,1,0,1,0,4,0,0,0,0,0,4,4,5,1,1,1
368,0,4,0,0,2,2,2,2,2,2,2,0,1,1,1,1,1,2,0,1,0,1,1,2,4,3,1,1,2
369,4,4,4,4,4,4,4,4,4,4,4,4,4,1,1,0,1,1,0,0,2,0,0,2,2,6,1,1,2
370,0,4,0,0,1,0,2,2,1,2,2,0,1,1,0,1,0,4,1,1,1,1,1,0,2,3,1,1,2
371,2,0,0,0,2,1,2,0,2,1,2,0,0,1,1,1,1,1,1,1,1,1,1,2,1,3,1,1,0
372,2,2,1,2,2,1,0,0,0,1,2,0,1,1,0,1,0,4,0,2,2,0,1,2,1,3,1,1,0
373,4,4,4,4,4,4,4,4,4,4,4,4,1,1,1,1,0,4,0,0,0,0,0,4,4,5,0,1,2
372,1,0,2,2,2,2,2,0,0,2,2,0,0,1,1,0,2,4,0,0,0,0,0,4,4,6,1,1,2
375,2,0,2,2,2,2,2,0,0,0,2,0,0,2,0,2,2,1,1,1,1,1,0,2,2,3,1,1,2
376,1,1,0,1,1,2,1,0,0,0,0,0,2,1,2,1,2,4,1,2,1,1,1,0,1,2,1,1,0
377,2,2,0,2,0,1,1,0,0,0,2,0,4,2,0,1,0,4,1,2,0,0,0,2,2,2,1,1,2
378,2,0,1,1,1,2,0,2,0,1,1,0,0,2,2,1,2,1,0,0,0,0,0,2,2,3,1,1,2
379,2,0,1,2,2,1,0,0,2,1,1,0,1,2,0,2,2,0,0,0,0,0,0,2,2,3,0,1,2
380,1,2,0,0,1,1,0,0,2,2,2,0,0,1,2,1,1,2,1,1,1,1,1,1,1,3,1,1,2
381,1,2,0,0,2,2,1,0,0,0,0,1,0,1,1,0,1,1,1,1,1,1,1,0,2,3,0,1,0
382,0,2,0,0,2,1,2,2,1,0,2,0,0,1,2,4,0,4,1,0,0,0,0,4,4,4,0,1,1
383,4,2,0,0,2,2,0,0,2,2,2,0,1,0,0,1,2,0,2,2,2,0,0,4,2,3,1,1,0
382,1,1,0,0,1,0,1,0,2,2,0,1,1,1,1,1,1,1,1,1,1,1,1,2,1,3,1,1,2
385,1,1,0,1,1,2,2,0,2,0,0,0,0,0,0,1,0,4,2,2,1,1,1,0,1,3,1,1,2
386,4,4,4,4,4,4,4,4,4,4,4,4,1,2,2,1,1,1,1,2,2,0,1,0,2,3,0,1,2
387,1,2,0,2,2,0,2,0,0,2,2,0,1,1,1,1,0,4,1,1,0,1,1,0,2,3,0,1,2
388,1,2,0,1,1,1,0,0,1,1,1,0,2,2,2,1,2,0,0,2,0,0,0,4,4,4,1,1,2
389,2,0,0,2,2,3,1,2,2,2,0,1,4,1,1,1,1,1,2,1,1,1,1,0,1,4,2,1,2
390,1,1,0,0,1,1,1,0,0,0,2,0,0,1,1,0,2,2,2,1,1,1,1,1,1,3,1,1,1
391,1,0,1,1,1,1,2,0,0,2,1,0,1,1,1,1,1,1,0,0,0,0,0,4,4,2,1,1,0
392,4,4,4,4,4,4,4,4,4,4,4,4,1,1,1,1,4,4,1,1,1,1,1,2,1,4,0,1,2
393,1,0,0,1,1,1,0,0,0,1,2,0,0,2,0,1,2,2,2,2,2,0,0,4,4,3,1,1,1
392,1,1,1,1,1,2,2,0,1,1,2,1,0,1,1,1,1,2,2,1,1,1,1,2,1,4,0,1,2
395,1,1,0,0,1,0,1,0,2,2,2,0,1,1,2,1,0,4,1,1,1,1,1,2,1,4,0,1,0
396,4,4,4,4,4,4,4,4,4,4,4,4,1,1,1,1,1,1,0,0,0,0,0,4,4,2,1,1,1
397,1,0,0,0,2,1,2,0,0,2,2,0,1,2,2,2,2,2,0,2,2,0,0,0,2,2,0,1,0
398,1,1,1,1,2,2,1,0,2,0,1,0,1,2,0,1,4,4,1,1,1,1,1,4,1,2,1,1,2
399,1,1,1,1,1,2,0,2,2,0,1,0,0,2,2,1,2,0,1,1,1,1,1,2,1,5,0,1,0
200,2,2,1,1,1,3,2,0,1,2,2,1,2,2,0,2,2,2,0,0,0,0,0,2,2,3,0,1,0
201,1,1,0,0,2,2,2,0,2,2,2,0,2,2,2,1,1,1,1,0,0,0,0,4,4,3,1,1,0
202,1,1,0,2,2,1,2,0,2,2,2,0,1,1,1,1,1,1,1,1,1,1,1,0,0,3,1,1,1
203,2,0,1,1,1,1,0,0,1,1,1,0,2,2,0,1,0,4,0,0,0,0,0,2,2,2,1,1,0
202,2,2,2,2,2,3,0,0,2,1,1,0,1,2,2,2,0,4,2,1,1,0,0,2,2,3,1,1,0
205,4,4,4,4,4,4,4,4,4,4,4,4,1,0,0,0,0,4,2,0,0,0,0,4,4,4,0,1,1
206,4,4,4,4,4,4,4,4,4,4,4,4,0,1,1,1,1,1,2,1,1,1,1,2,1,3,0,1,2
207,4,4,4,4,4,4,4,4,4,4,4,4,1,1,1,0,2,1,1,1,1,0,1,0,2,6,0,1,2
208,2,2,0,0,2,0,2,2,0,0,1,0,4,1,1,2,2,4,1,2,2,0,1,2,2,3,1,1,2
209,2,0,0,2,2,0,1,2,0,2,2,0,1,1,1,2,2,1,2,1,2,1,1,0,2,2,1,1,2
210,2,2,0,2,2,2,2,0,0,0,2,0,2,1,1,1,0,4,0,0,0,0,0,2,2,3,1,1,0
211,1,2,1,1,0,1,1,0,2,0,0,0,0,1,1,0,2,4,0,0,0,0,0,4,4,6,0,1,0
212,1,1,2,2,2,2,0,0,1,1,1,0,1,0,0,1,0,4,1,1,0,1,1,2,2,3,1,1,1
213,0,2,0,1,2,1,0,0,1,1,1,0,4,1,2,1,0,4,1,1,1,1,1,0,2,4,0,1,1
212,4,4,4,4,4,4,4,4,4,4,4,4,0,1,2,0,2,2,0,1,1,1,1,2,1,3,1,1,2
215,1,1,0,1,1,1,0,0,2,1,1,0,1,0,0,0,1,0,1,1,1,1,1,2,1,3,0,1,1
216,4,4,4,4,4,4,4,4,4,4,4,4,1,2,2,1,4,4,2,2,0,0,0,4,4,2,1,1,1
217,2,2,1,2,2,1,0,0,1,2,2,0,4,1,1,3,0,4,0,0,0,0,0,2,2,3,0,1,0
218,2,2,0,2,2,0,2,0,2,2,0,0,2,0,2,1,2,4,1,0,0,0,0,2,2,3,1,1,2
219,2,0,0,0,2,0,2,2,0,0,0,0,0,1,1,2,2,1,1,1,1,1,1,2,1,4,1,1,2
220,4,1,0,0,1,0,1,0,0,0,2,1,1,1,1,2,1,2,1,2,1,1,0,0,1,2,0,1,2
221,1,1,1,1,1,2,0,0,2,1,1,0,1,2,1,0,0,4,1,1,1,1,1,2,1,3,1,1,0
222,1,1,0,2,2,1,2,0,0,0,0,0,4,1,1,1,2,4,1,1,1,1,1,2,1,3,1,1,0
223,2,2,0,2,2,2,0,0,1,1,1,0,0,1,1,1,1,1,0,2,2,1,0,2,1,4,1,1,0
222,4,4,4,4,4,4,4,4,4,4,4,4,1,1,1,1,0,4,1,1,1,1,1,2,1,3,0,1,2
225,4,4,4,4,4,4,4,4,4,4,4,4,2,1,1,1,1,1,1,1,1,1,1,2,1,3,0,1,0
226,4,4,4,4,4,4,4,4,4,4,4,4,0,2,2,1,1,2,2,1,2,1,1,0,2,2,1,1,2
227,4,4,4,4,4,4,4,4,4,4,4,4,4,2,2,0,0,4,0,0,0,0,0,4,4,3,1,1,2
228,2,2,1,1,1,1,0,0,1,1,1,0,1,2,0,1,0,4,1,1,1,1,1,0,1,3,0,1,2
229,1,1,0,0,2,1,0,0,2,1,2,0,1,0,2,1,0,4,1,1,0,1,1,0,2,4,0,1,2
230,4,4,4,4,4,4,4,4,4,4,4,4,1,1,1,1,0,4,1,0,0,0,1,4,2,3,0,1,1
231,1,1,0,0,2,0,2,0,0,2,2,0,0,1,1,1,1,1,1,1,1,1,1,0,1,3,0,1,1
232,1,2,0,1,1,1,0,0,1,1,0,0,1,2,2,1,0,4,1,1,0,0,1,0,2,6,1,1,2
233,4,4,4,4,4,4,4,4,4,4,4,4,0,1,1,0,1,1,2,2,0,0,0,4,4,2,1,1,1
232,4,4,4,4,4,4,4,4,4,4,4,4,1,1,1,2,1,2,1,1,2,0,1,0,1,6,0,1,2
235,4,4,4,4,4,4,4,4,4,4,4,4,0,1,1,0,1,1,1,2,1,1,1,2,1,3,0,1,2
236,1,0,0,0,1,1,2,0,0,0,0,1,0,1,1,1,1,1,1,2,2,0,0,0,1,2,1,1,1
237,1,1,1,1,1,1,2,0,2,1,2,0,4,0,0,1,0,4,1,2,0,1,1,0,2,3,0,1,2
238,1,1,0,1,1,1,2,0,0,0,0,0,1,1,1,1,1,4,1,1,1,1,1,2,1,4,1,1,0
239,2,0,0,2,2,2,2,2,2,2,2,0,1,2,2,1,2,4,2,2,2,0,0,0,2,4,1,1,2
220,1,2,0,0,2,1,2,2,2,0,0,0,1,1,1,1,1,1,2,1,1,1,1,0,1,2,0,1,2
221,2,0,0,2,2,0,0,0,2,1,1,0,1,1,1,1,1,2,2,1,0,1,1,2,1,3,0,1,2
222,1,1,0,0,2,2,2,2,0,0,2,0,1,2,2,0,0,4,2,2,2,0,1,2,2,4,1,1,2
223,4,4,4,4,4,4,4,4,4,4,4,4,1,1,0,1,0,4,0,0,0,0,1,4,4,3,1,1,2
222,4,4,4,4,4,4,4,4,4,4,4,4,1,2,2,1,0,4,1,1,1,1,1,0,2,3,0,1,2
225,0,2,0,0,2,0,2,0,0,2,0,0,1,2,2,0,0,4,1,2,0,0,1,4,4,3,1,1,2
226,1,0,0,0,2,2,0,0,1,1,1,0,4,0,0,1,0,4,1,1,0,1,1,0,1,2,1,1,1
227,4,4,0,2,2,1,1,2,2,2,2,0,4,1,1,4,0,4,1,0,0,0,0,4,4,3,1,1,0
228,4,4,4,4,4,4,4,4,4,4,4,4,2,2,1,1,2,2,1,2,2,0,1,2,1,6,0,1,1
229,1,1,0,2,2,2,1,0,0,0,2,0,0,1,1,2,2,2,1,1,1,1,1,2,1,3,1,1,2
250,1,1,1,1,1,1,2,0,1,1,2,1,1,0,0,1,1,0,1,1,1,1,1,0,1,4,1,1,2
251,1,1,0,1,0,1,2,2,0,0,2,1,0,2,2,1,1,1,1,0,1,0,0,4,4,3,1,1,1
252,1,2,0,2,1,2,2,0,2,0,0,0,0,1,1,0,2,1,1,1,2,1,1,0,2,2,0,1,0
253,2,2,0,0,2,1,2,2,2,0,1,0,1,1,2,2,0,4,2,1,1,1,1,0,1,2,0,1,2
252,1,0,0,1,2,2,2,0,0,0,0,0,4,1,2,1,0,4,0,0,0,0,0,4,4,3,1,1,0
255,1,1,0,0,2,1,0,0,1,1,0,1,0,2,2,1,1,0,1,1,1,1,1,0,2,3,0,1,1
256,1,1,0,0,1,1,1,2,2,0,0,0,1,1,1,4,2,0,1,1,2,1,1,0,2,3,0,1,0
257,0,0,0,0,2,2,0,0,1,1,1,0,1,0,0,1,0,4,2,1,1,0,1,0,1,3,1,1,2
258,4,4,4,4,4,4,4,4,4,4,4,4,1,2,2,4,2,2,0,0,0,0,0,4,4,3,0,1,1
259,2,2,0,2,2,1,0,0,2,0,2,0,4,2,0,0,0,4,0,0,0,0,0,2,2,3,1,1,2
260,4,4,4,4,4,4,4,4,4,4,4,4,1,2,0,1,0,4,0,1,0,0,0,4,4,2,1,1,2
261,1,0,2,1,2,0,2,2,1,1,1,0,1,2,2,1,0,4,0,0,0,0,0,4,4,3,1,1,2
262,2,0,0,2,2,0,1,2,0,0,1,0,0,1,1,0,1,1,1,2,2,1,1,2,1,3,0,1,2
263,1,0,0,0,2,0,2,0,0,2,0,0,1,2,2,0,0,4,2,2,2,0,0,4,4,3,1,1,2
262,2,0,0,0,2,1,2,0,0,0,0,0,0,2,1,0,2,0,0,2,2,0,0,2,2,3,1,1,2
265,1,1,2,1,1,2,2,2,2,2,1,0,0,1,2,0,1,1,1,1,1,1,1,0,2,2,0,1,1
266,1,2,0,0,2,2,2,0,0,2,2,1,0,2,2,1,2,0,1,1,1,1,1,0,1,4,1,1,1
267,1,1,0,0,1,1,2,0,2,0,2,0,0,1,2,1,1,1,0,1,2,1,1,0,2,3,1,1,2
268,4,4,4,4,4,4,4,4,4,4,4,4,0,1,1,0,1,2,1,1,1,1,1,0,1,5,0,1,2
269,2,0,0,2,2,1,2,2,0,0,0,0,1,1,1,2,1,1,0,0,0,0,0,2,2,3,0,1,0
270,1,1,1,1,1,1,2,0,2,1,2,1,1,1,2,1,2,1,1,1,2,1,1,0,1,4,1,1,1
271,1,0,2,2,2,2,2,2,1,2,2,0,1,1,2,1,2,0,2,1,0,0,1,2,2,3,1,1,2
272,1,2,0,0,2,1,1,1,0,0,0,1,0,1,1,1,2,1,1,1,0,1,1,0,1,3,1,1,2
273,1,0,0,0,2,0,2,2,2,0,0,1,1,1,2,1,1,4,1,1,1,1,1,2,1,2,1,1,1
272,2,2,0,0,1,3,2,0,1,0,2,0,4,2,0,1,0,4,0,0,0,0,0,2,2,3,1,1,2
275,1,2,2,1,2,2,2,0,2,2,2,0,2,2,0,1,2,4,1,1,1,1,1,0,2,3,1,1,1
276,1,1,0,0,0,1,2,0,0,0,0,0,0,1,1,1,0,4,1,1,1,1,1,2,1,4,1,1,2
277,2,0,2,2,2,1,0,0,1,1,1,0,1,0,0,1,2,0,2,0,0,0,0,2,2,3,1,1,0
278,2,2,0,0,2,2,0,0,2,2,2,0,1,1,2,2,0,4,0,0,0,0,0,2,2,4,1,1,2
279,1,2,0,2,2,1,0,0,0,0,2,0,1,2,2,1,0,4,1,1,1,1,0,0,2,3,0,1,2
280,1,1,1,1,1,1,0,0,2,1,1,0,1,0,2,1,4,4,1,1,0,0,0,4,4,2,1,1,2
281,1,0,0,0,2,0,0,0,2,2,1,0,1,2,2,1,0,4,0,0,0,0,0,4,4,5,1,1,2
282,1,1,0,2,1,2,0,0,2,1,2,0,1,2,2,1,0,4,2,1,1,0,1,0,2,4,1,1,2
283,2,0,0,0,2,2,0,0,2,0,0,0,0,1,0,1,0,4,0,1,0,1,1,2,2,2,1,1,2
282,2,2,2,2,2,1,0,0,2,1,2,0,1,2,2,1,2,2,2,0,0,0,0,2,2,4,1,1,2
285,1,2,0,0,2,1,1,2,2,2,1,1,1,1,1,4,1,1,1,0,0,0,0,4,4,3,1,1,2
286,4,4,4,4,4,4,4,4,4,4,4,4,1,1,1,4,4,4,1,0,0,0,1,4,4,3,1,1,1
287,1,0,0,2,1,1,0,0,0,2,2,0,1,1,0,0,2,0,0,0,0,0,1,4,4,4,1,1,2
288,4,4,4,4,4,4,4,4,4,4,4,4,0,1,0,1,1,1,1,1,1,1,0,0,2,4,1,1,1
289,1,1,0,0,1,1,0,0,1,1,0,0,1,2,0,1,2,0,1,1,1,1,1,0,1,3,1,1,2
290,1,1,0,2,1,1,1,2,1,1,0,1,1,1,1,1,1,1,2,1,1,1,1,2,1,3,0,1,1
291,2,2,1,1,2,0,1,0,0,0,2,0,1,0,0,1,0,4,1,1,1,1,1,0,1,3,0,1,2
292,1,1,1,1,1,2,0,0,2,0,1,0,0,1,1,1,1,1,0,1,1,0,1,0,2,3,1,1,0
293,4,4,4,4,4,4,4,4,4,4,4,4,1,2,2,0,4,4,0,0,0,0,0,4,4,4,1,1,2
292,0,2,1,2,1,0,1,0,0,0,2,0,0,1,1,1,1,0,0,1,1,1,1,2,1,3,1,1,2
295,1,0,0,2,2,1,2,0,0,2,2,0,0,1,1,1,2,0,1,1,2,1,1,2,1,3,1,1,2
296,1,2,0,2,2,1,2,0,1,1,1,0,1,2,2,1,0,4,1,1,1,1,1,1,1,5,1,1,2
297,4,4,4,4,4,4,4,4,4,4,4,4,0,1,1,1,2,0,1,1,1,1,1,2,1,5,0,1,2
298,2,0,2,2,2,1,0,0,1,1,1,0,1,2,0,1,2,0,0,0,0,0,0,2,2,4,1,1,2
299,2,2,0,0,2,2,2,0,2,1,2,0,1,2,0,1,0,4,1,1,2,0,1,2,1,3,0,1,2
500,0,4,1,1,2,1,0,0,2,1,0,0,1,2,2,0,1,2,1,1,2,1,1,0,0,4,1,1,0
501,2,2,1,1,1,1,0,0,1,1,1,0,2,1,2,2,0,4,2,0,0,0,0,2,1,3,1,1,2
502,2,0,0,2,2,1,0,0,2,1,2,0,0,2,1,0,0,4,1,1,2,1,1,2,2,3,1,1,0
503,0,4,0,0,2,1,0,0,1,1,1,0,1,2,0,1,0,4,0,0,0,0,0,4,4,3,1,1,1
502,2,2,0,0,2,0,1,2,0,0,0,1,1,1,1,3,1,1,0,0,0,0,0,2,2,3,1,1,0
505,4,4,4,4,4,4,4,4,4,4,4,4,1,2,0,1,0,4,1,1,1,1,1,2,1,3,1,1,1
506,4,4,0,1,1,1,0,0,2,1,1,0,1,0,0,1,0,4,1,0,1,1,1,0,1,3,0,1,2
507,1,1,0,2,2,1,1,2,0,2,0,0,1,1,2,1,0,4,1,1,1,1,1,0,1,3,0,1,2
508,4,4,4,4,4,4,4,4,4,4,4,4,2,2,0,2,0,4,1,1,0,1,1,4,4,3,1,1,0
509,4,4,4,4,4,4,4,4,4,4,4,4,1,1,1,1,2,1,0,1,1,1,1,2,1,6,1,1,1
510,4,4,4,4,4,4,4,4,4,4,4,4,1,2,2,1,2,1,1,1,1,1,1,2,1,3,1,1,2
511,2,0,0,2,2,0,1,2,2,2,0,1,1,2,2,2,1,1,2,2,2,1,1,0,0,4,1,1,0
512,0,0,0,0,2,2,0,0,2,2,2,0,1,1,1,1,0,4,0,0,2,0,0,0,0,4,1,1,1
513,1,1,2,1,1,1,2,0,2,1,2,0,1,2,2,1,0,4,2,0,0,0,0,4,4,3,0,1,0
512,1,1,0,1,0,1,1,0,0,0,0,0,0,1,1,0,1,1,1,2,2,1,0,0,1,4,1,1,2
515,2,0,0,2,2,0,2,2,0,0,0,0,1,2,2,2,1,1,1,1,0,1,1,2,2,3,1,1,2
516,2,0,0,2,2,1,0,0,2,1,1,0,0,0,0,1,0,4,0,0,2,0,0,0,2,3,1,1,2
517,4,4,4,4,4,4,4,4,4,4,4,4,1,2,2,1,2,0,0,1,1,1,1,2,1,7,0,1,2
518,4,4,4,4,4,4,4,4,4,4,4,4,1,0,2,1,0,4,1,1,2,1,1,2,0,4,1,1,1
519,4,4,4,4,4,4,4,4,4,4,4,4,4,2,0,1,4,4,2,2,0,0,1,0,2,2,0,1,2
520,4,4,4,4,4,4,4,4,4,4,4,4,1,1,1,0,4,4,2,1,1,1,1,0,2,4,1,1,2
521,2,2,1,0,2,1,0,0,1,1,1,0,0,1,0,1,1,1,0,1,1,1,1,2,1,5,1,1,2
522,2,0,0,1,1,3,0,0,1,1,2,0,1,1,2,1,2,0,2,2,2,0,1,2,2,3,1,1,2
523,1,1,0,2,2,0,1,2,2,2,0,0,1,1,1,2,2,2,2,1,2,1,1,2,1,4,1,1,0
522,4,4,4,4,4,4,4,4,4,4,4,4,0,1,1,4,2,4,2,0,0,0,0,4,4,3,1,1,1
525,4,4,4,4,4,4,4,4,4,4,4,4,1,2,2,0,1,1,0,0,0,0,1,4,4,6,1,1,1
526,4,4,4,4,4,4,4,4,4,4,4,4,1,2,1,1,1,2,0,1,1,1,1,0,1,3,0,1,1
527,2,0,0,2,2,0,2,0,0,1,2,0,0,0,2,0,2,0,0,2,2,0,0,2,2,3,1,1,0
528,2,0,0,1,1,2,0,0,0,1,1,1,0,1,0,2,0,4,1,1,1,0,0,2,1,2,0,1,0
529,4,4,4,4,4,4,4,4,4,4,4,4,1,2,0,1,0,4,0,2,2,0,0,4,2,2,0,1,1
530,0,1,0,0,2,1,2,0,0,0,0,0,4,1,1,1,0,4,1,0,0,0,0,4,4,2,1,1,2
531,0,1,0,0,2,1,2,0,2,2,1,0,1,2,2,1,0,4,1,1,2,1,1,0,2,3,1,1,2
532,4,4,4,4,4,4,4,4,4,4,4,4,0,0,0,0,0,4,0,1,1,1,1,0,2,4,0,1,0
533,4,4,4,4,4,4,4,4,4,4,4,4,2,2,2,1,2,0,0,0,2,0,1,2,2,3,0,1,1
532,1,1,0,2,1,1,2,0,2,1,1,0,4,1,2,1,0,4,1,1,1,1,1,0,1,2,1,1,0
535,2,0,0,2,2,1,0,0,0,2,2,0,2,2,2,0,0,4,1,2,2,0,0,2,2,3,1,1,2
536,0,1,0,0,0,1,2,0,2,2,2,0,1,2,2,1,1,2,1,1,1,1,1,0,1,2,2,1,1
537,2,0,2,2,2,1,1,2,0,0,2,0,4,2,2,1,0,4,0,0,2,0,0,2,2,3,1,1,2
538,1,2,0,0,1,0,2,0,2,2,2,0,1,2,1,4,4,4,0,0,0,0,0,4,4,3,0,1,2
539,1,2,0,0,1,1,0,0,2,1,2,1,1,2,0,1,2,0,0,2,0,0,0,4,4,3,1,1,0
520,2,2,0,2,2,2,2,0,2,2,2,0,1,2,0,1,0,4,1,1,1,1,1,0,2,3,1,1,0
521,1,0,0,0,2,1,2,0,0,0,2,0,0,1,1,0,2,1,1,1,2,0,1,2,2,3,1,1,1
522,1,0,0,1,2,0,2,0,2,2,2,0,1,0,2,0,0,4,1,0,0,0,0,0,0,4,1,1,1
523,1,1,2,1,2,1,2,0,2,1,1,0,1,1,0,1,1,0,1,1,1,1,1,2,1,4,1,1,2
522,1,2,0,0,2,2,1,2,0,2,0,1,1,1,2,1,2,1,1,1,2,1,1,0,1,2,0,1,2
525,4,4,4,4,4,4,4,4,4,4,4,4,1,2,2,1,0,4,0,1,1,1,1,0,2,4,1,1,1
526,2,2,0,0,2,0,2,0,0,2,2,0,1,2,2,0,0,4,1,1,2,1,1,0,2,3,1,1,0
527,2,0,0,2,2,2,0,0,1,1,2,0,1,2,0,2,0,4,0,0,0,0,0,2,2,3,1,1,2
528,4,4,4,4,4,4,4,4,4,4,4,4,1,2,2,1,2,4,2,1,2,1,1,2,2,3,1,1,1
529,1,0,1,1,1,1,2,0,0,2,1,0,4,2,0,0,1,1,1,1,1,1,0,0,2,3,1,1,0
550,1,1,1,1,1,1,0,0,2,1,2,0,0,2,2,1,0,4,1,1,2,1,1,2,1,3,1,1,0
551,1,0,2,2,2,2,2,2,0,0,2,0,0,1,1,4,0,4,2,0,0,0,0,4,4,4,1,1,0
552,1,2,1,1,1,2,2,0,2,1,2,0,1,2,2,1,0,4,0,2,0,0,0,4,4,4,1,1,2
553,1,2,0,1,1,1,0,0,2,2,2,0,1,2,0,1,1,0,0,0,0,0,0,4,4,4,1,1,0
552,2,0,0,2,1,1,0,0,1,2,0,0,2,2,2,1,1,2,0,0,1,0,0,0,0,3,1,1,2
555,4,4,4,4,4,4,4,4,4,4,4,4,1,1,1,1,0,4,1,1,1,1,1,0,2,2,0,1,1
556,1,2,0,0,2,1,0,0,1,2,0,0,0,0,0,1,0,4,0,1,0,0,1,2,1,2,1,1,1
557,1,0,0,2,2,2,2,0,0,2,2,0,1,1,2,0,0,4,0,0,0,0,0,4,4,3,1,1,1
558,1,0,0,0,0,0,1,0,2,1,0,0,4,2,2,1,0,4,1,2,2,0,0,4,2,6,1,1,0
559,0,1,0,0,2,1,2,0,0,2,2,0,0,1,1,1,1,1,1,2,2,1,1,2,2,3,1,1,2
560,1,1,0,0,1,0,0,0,1,1,1,0,1,1,0,1,0,4,1,1,1,1,1,0,2,3,1,1,2
561,1,2,0,1,1,2,2,2,1,1,2,0,1,2,0,2,1,1,1,1,1,1,1,0,2,3,1,1,2
562,1,1,0,1,2,2,1,2,0,0,2,1,1,1,2,1,2,0,2,2,2,0,1,0,1,3,0,1,0
563,1,1,1,1,2,1,0,0,1,1,1,1,0,0,0,1,1,4,1,1,1,1,1,0,1,3,1,1,2
562,1,0,0,0,2,1,2,0,2,2,0,0,1,1,2,1,2,0,1,1,1,1,1,0,2,3,1,1,2
565,2,2,0,0,2,0,1,0,0,0,2,0,0,1,1,0,2,4,1,1,1,1,1,2,1,4,1,1,2
566,1,1,0,0,2,1,1,1,0,0,0,0,1,1,1,1,2,0,0,1,1,1,1,2,1,4,1,1,2
567,1,1,1,1,1,2,2,0,0,2,1,0,4,0,0,0,0,4,0,0,0,0,0,4,4,4,0,1,1
568,2,2,1,0,1,2,2,0,2,0,2,1,1,1,2,1,1,1,2,1,2,0,1,2,1,3,1,1,2
569,2,2,0,0,2,1,2,2,1,1,0,0,1,2,2,1,0,4,1,2,0,0,1,2,2,3,1,1,2
570,2,2,2,2,2,2,1,0,2,0,2,0,1,2,2,0,2,4,1,1,1,0,0,2,2,2,1,1,0
571,4,4,4,4,4,4,4,4,4,4,4,4,2,1,1,2,2,4,0,1,2,1,1,4,2,4,1,1,1
572,2,0,0,2,2,3,2,0,2,1,2,0,1,0,0,1,0,4,2,0,0,0,1,0,0,3,1,1,0
573,1,1,2,1,1,2,0,0,1,1,1,0,1,0,0,1,0,4,0,2,2,0,1,0,2,3,1,1,1
572,4,4,4,4,4,4,4,4,4,4,4,4,0,2,2,2,2,2,1,2,2,0,0,4,4,2,1,1,2
575,4,4,4,4,4,4,4,4,4,4,4,4,4,2,2,1,0,4,2,1,1,1,1,2,1,2,1,1,2
576,2,0,0,2,2,3,2,0,1,1,1,0,1,1,0,1,1,2,1,1,1,1,1,1,1,3,0,1,2
577,1,2,1,1,2,0,0,0,0,2,1,0,0,2,0,4,1,1,1,2,2,0,0,4,4,3,1,1,2
578,1,1,2,2,1,2,2,0,2,1,0,0,1,2,2,1,2,2,0,0,0,0,0,4,4,4,1,1,1
579,1,0,0,0,2,2,0,0,2,2,1,0,1,1,2,1,0,4,0,0,0,0,0,4,4,3,1,1,2
580,0,2,0,2,2,1,0,0,1,1,1,0,1,0,0,2,0,4,2,1,2,0,0,2,2,3,1,1,0
581,1,0,2,2,2,2,2,0,2,2,2,0,1,2,2,1,2,4,2,0,0,0,0,4,4,3,1,1,1
582,2,0,0,2,1,0,2,0,0,0,0,0,1,1,1,1,2,4,1,2,1,0,0,0,2,3,1,1,0
583,1,2,0,2,1,1,0,0,1,1,1,0,1,2,0,1,1,0,1,1,1,1,1,0,1,4,1,1,1
582,0,4,0,0,2,1,0,0,2,2,2,0,2,2,2,1,0,4,0,0,0,0,0,4,4,2,1,1,1
585,1,0,0,2,2,0,1,2,2,0,0,0,0,1,1,0,0,4,0,0,0,0,0,4,4,4,1,1,0
586,1,1,0,2,1,1,2,2,0,0,2,0,0,2,2,1,2,0,0,1,1,1,1,2,1,4,2,1,2
587,1,1,2,2,2,2,0,0,2,2,0,0,1,2,2,0,1,0,2,1,2,1,1,0,2,4,1,1,2
588,2,2,0,2,2,1,0,0,1,1,2,0,2,2,0,1,2,4,2,0,0,0,0,2,2,3,1,1,2
589,0,2,0,0,2,2,2,2,0,2,2,0,2,1,2,2,0,4,1,0,0,0,0,0,2,3,0,1,0
590,4,4,4,4,4,4,4,4,4,4,4,4,1,1,2,1,4,4,1,2,2,1,1,0,2,4,1,1,2
591,1,1,0,1,1,2,2,0,0,2,0,0,2,1,2,1,1,0,1,1,1,1,1,2,2,2,0,1,0
592,1,2,0,1,2,0,2,2,0,0,0,0,4,1,1,4,1,2,2,1,0,1,1,0,1,3,1,1,0
593,1,1,1,1,2,1,2,0,2,2,2,0,2,2,1,1,0,4,1,1,1,1,1,0,1,3,1,1,2
592,4,4,4,4,4,4,4,4,4,4,4,4,1,2,2,1,1,2,1,1,1,0,0,4,1,2,1,1,2
595,4,0,0,2,2,1,1,2,0,2,0,1,1,1,1,0,1,1,1,2,2,1,1,2,2,3,1,1,0
596,1,1,1,1,2,1,0,0,2,1,1,0,1,2,0,1,0,4,0,0,0,0,0,4,4,5,1,1,1
597,2,2,2,1,2,2,2,0,2,2,0,0,1,2,2,1,0,4,0,0,0,0,0,2,2,3,1,1,2
598,1,1,0,1,1,2,1,0,2,1,2,0,0,1,2,4,4,4,0,0,0,0,0,4,4,3,0,1,2
599,1,2,2,1,2,1,2,0,1,2,2,0,1,2,2,1,1,1,0,1,2,0,1,4,2,4,1,1,1
600,1,2,0,2,2,1,1,2,2,2,0,0,0,1,1,0,1,1,1,0,1,1,1,1,1,3,1,1,1
601,2,2,0,2,2,1,2,0,2,2,2,0,1,2,0,1,0,4,1,0,0,0,0,2,2,3,1,1,2
602,2,0,0,2,2,3,2,2,0,0,2,0,1,2,2,1,0,4,1,1,0,1,1,2,1,3,1,1,2
603,1,1,0,1,2,1,2,0,1,1,0,1,4,2,2,4,4,4,0,0,0,0,0,4,4,3,1,1,2
602,4,4,4,4,4,4,4,4,4,4,4,4,0,1,1,1,2,0,1,1,1,1,1,0,2,5,0,1,2
605,1,2,0,1,2,0,2,2,0,2,0,0,1,1,2,1,2,0,0,1,1,1,1,0,1,3,1,1,2
606,1,0,0,1,1,2,1,1,0,0,2,0,4,1,1,0,4,4,0,1,1,1,1,2,1,3,1,1,0
607,1,0,1,0,1,1,2,0,1,1,1,0,4,1,1,0,0,4,0,0,0,0,1,2,2,3,1,1,2
608,4,4,4,4,4,4,4,4,4,4,4,4,0,2,2,1,2,2,1,1,1,1,1,1,1,6,1,1,2
609,1,2,0,2,0,0,1,1,2,0,0,0,0,1,1,1,1,2,1,1,2,0,1,2,1,2,1,1,2
610,2,2,2,2,0,2,0,0,0,2,1,0,1,2,0,1,2,0,1,1,1,1,1,0,2,3,1,1,0
611,1,0,0,1,2,1,1,2,0,0,0,0,0,1,1,1,0,4,2,0,2,0,1,0,2,2,1,1,2
612,4,2,1,1,1,2,1,2,0,2,2,0,1,1,1,0,1,1,1,1,0,0,1,2,1,5,1,1,2
613,4,4,4,4,4,4,4,4,4,4,4,4,4,1,1,1,1,1,1,2,2,0,1,2,1,2,2,1,2
612,1,0,0,2,2,1,2,0,2,2,2,0,0,1,1,1,2,2,1,1,1,1,1,0,2,4,1,1,2
615,1,1,1,2,2,1,2,0,0,2,1,0,0,1,1,1,1,1,1,1,1,1,1,0,1,3,0,1,2
616,2,0,0,2,2,1,2,2,0,2,0,0,2,0,0,1,0,4,1,0,0,0,0,2,2,3,0,1,2
617,4,4,4,4,4,4,4,4,4,4,4,4,1,1,1,1,2,4,2,2,2,0,1,2,1,3,1,1,1
618,4,4,2,2,2,1,0,0,1,1,1,0,1,0,0,1,0,4,1,1,1,1,1,0,1,2,0,1,1
619,4,4,4,4,4,4,4,4,4,4,4,4,1,2,2,1,2,0,0,1,1,1,1,0,1,2,1,1,2
620,4,4,4,4,4,4,4,4,4,4,4,4,0,1,1,2,2,1,1,2,2,1,1,2,2,3,1,1,0
621,1,1,0,1,2,1,1,2,0,0,0,0,0,1,1,1,0,4,2,1,2,1,1,2,2,4,0,1,2
622,1,2,0,0,2,1,1,1,0,0,0,1,1,1,1,1,2,1,1,1,1,1,1,0,2,3,0,1,2
623,1,2,2,1,2,1,0,0,2,1,0,0,1,1,2,1,1,0,1,1,1,1,1,2,1,2,1,1,2
622,4,4,4,4,4,4,4,4,4,4,4,4,0,1,1,0,1,1,1,1,2,0,0,2,2,2,1,1,2
625,1,2,2,1,1,2,1,2,0,0,1,0,1,1,2,2,0,4,1,1,1,1,1,2,1,4,1,1,0
626,4,4,4,4,4,4,4,4,4,4,4,4,1,2,2,1,2,4,1,1,1,1,1,0,1,3,2,1,2
627,1,2,0,1,1,1,1,1,2,0,2,0,0,1,1,0,2,0,1,1,1,1,1,0,1,4,1,1,2
628,4,4,4,4,4,4,4,4,4,4,4,4,1,1,1,1,2,2,0,0,0,0,0,4,4,3,1,1,2
629,4,4,4,4,4,4,4,4,4,4,4,4,0,1,1,0,0,4,1,1,1,1,1,2,1,3,0,1,1
630,0,4,0,0,2,1,0,0,1,1,1,0,1,2,2,1,0,4,0,0,0,0,0,4,4,3,0,1,2
631,2,0,0,2,2,1,0,0,1,1,2,0,1,2,2,2,0,4,0,0,0,0,0,2,2,3,1,1,2
632,2,1,0,0,2,3,2,0,2,0,0,0,0,2,2,1,2,2,1,1,1,1,1,0,1,2,1,1,2
633,0,1,0,0,0,2,1,2,0,0,0,1,0,1,1,1,1,1,1,1,1,1,1,1,1,3,1,1,2
632,1,1,1,1,1,1,0,2,2,1,0,1,1,2,2,1,0,4,1,1,0,1,1,0,2,5,1,1,0
635,1,1,0,2,2,0,1,2,0,0,2,0,0,1,1,0,2,1,0,1,1,1,1,2,1,3,1,1,0
636,1,1,0,0,2,2,1,2,2,0,0,0,4,2,0,0,2,0,1,2,2,0,0,4,1,2,1,1,0
637,4,4,4,4,4,4,4,4,4,4,4,4,0,1,2,1,2,2,2,1,2,1,1,0,2,3,0,1,1
638,1,1,0,0,2,2,1,0,0,0,2,0,0,2,1,1,0,4,1,1,1,1,1,2,1,3,0,1,2
639,1,0,0,0,1,1,1,2,0,0,2,0,1,1,1,0,0,4,0,0,0,0,0,4,4,6,1,1,1
620,1,1,0,2,2,1,0,0,2,1,1,0,1,1,2,1,2,0,1,1,1,1,1,0,2,4,1,1,0
621,0,2,0,0,2,0,2,0,0,2,2,0,1,2,2,1,1,1,1,1,1,1,1,0,1,3,0,1,2
622,2,0,2,1,1,2,1,2,0,0,2,0,1,1,1,0,2,2,1,2,2,0,0,2,2,4,1,1,2
623,1,1,0,0,1,2,2,0,0,2,2,0,1,2,2,1,0,4,1,2,2,0,0,4,2,3,1,1,2
622,2,2,0,2,2,0,2,0,2,2,2,0,0,1,2,1,1,1,1,1,1,1,1,1,1,3,0,1,2
625,1,1,0,0,1,2,2,0,1,1,0,0,0,1,1,1,1,2,1,1,1,1,1,0,2,2,1,1,2
626,1,1,0,1,1,1,2,2,1,1,1,0,1,2,2,1,2,0,1,1,1,1,1,2,1,3,0,1,2
627,1,1,1,1,2,2,2,0,1,2,0,0,1,1,2,1,1,0,1,1,1,1,1,0,1,3,1,1,0
628,1,1,1,1,2,2,1,2,0,0,2,0,0,1,1,0,2,0,1,1,2,1,1,0,2,3,0,1,2
629,4,4,0,2,2,1,1,2,0,0,0,0,1,1,2,1,1,1,1,1,1,1,1,0,1,3,0,1,2
650,2,0,0,0,2,2,2,0,1,1,0,0,1,1,2,1,2,0,0,0,0,0,0,2,2,3,1,1,2
651,4,4,4,4,4,4,4,4,4,4,4,4,1,1,1,1,1,1,1,1,1,1,1,0,1,3,2,1,1
652,1,1,0,0,2,1,0,0,1,1,1,0,1,0,0,1,0,4,1,1,1,1,1,0,1,3,1,1,0
653,2,2,0,2,2,1,0,0,1,1,2,0,1,2,2,1,0,4,2,1,0,1,1,2,2,2,1,1,0
652,1,2,0,2,2,1,2,0,1,1,2,0,1,2,2,1,2,0,2,2,1,1,1,2,1,4,1,1,1
655,1,0,0,0,2,1,2,0,2,2,1,0,1,1,1,0,1,1,0,0,2,0,0,4,4,4,1,1,2
656,2,2,0,1,2,1,2,0,1,1,1,0,2,2,2,1,0,4,0,0,0,0,0,2,2,3,1,1,0
657,2,0,0,2,2,0,2,2,0,0,2,0,0,1,1,2,2,2,0,0,0,0,0,2,2,3,1,1,0
658,2,0,0,0,1,1,2,0,2,2,2,0,4,2,2,1,0,4,1,0,0,0,0,2,2,3,1,1,2
659,1,0,0,1,1,1,0,0,1,1,1,0,1,0,0,2,0,4,0,0,0,0,0,4,4,3,0,1,2
660,2,0,0,0,1,1,0,0,1,1,1,0,1,0,2,1,2,2,0,0,0,0,0,2,2,3,1,1,0
661,2,0,0,2,1,2,2,2,0,0,2,0,0,1,2,2,0,4,0,0,0,0,0,2,2,3,1,1,0
662,2,0,0,0,2,1,0,0,1,1,1,0,1,2,2,1,2,0,0,0,0,0,0,2,2,3,1,1,2
663,1,2,0,0,1,1,0,0,2,2,2,0,1,0,2,1,2,0,1,1,1,1,1,2,1,4,1,1,2
662,2,2,0,0,2,0,1,0,0,0,2,0,0,1,1,2,0,4,2,0,0,0,0,2,2,4,0,1,0
665,1,0,0,2,2,1,2,0,2,1,1,0,1,2,2,0,2,0,1,2,0,0,0,0,2,2,1,1,1
666,1,2,0,0,2,1,2,0,0,0,2,0,0,1,2,0,0,4,1,1,1,1,1,1,1,4,1,1,1
667,2,0,2,1,2,2,1,2,0,0,2,0,0,1,1,2,0,4,2,2,0,0,1,2,2,4,0,1,2
668,1,0,2,1,1,1,0,0,2,1,1,0,0,2,0,0,1,1,0,0,2,0,0,0,0,4,1,1,1
669,2,2,1,2,1,1,0,0,1,1,1,0,2,2,0,1,0,4,2,2,2,1,1,0,2,2,1,1,2
670,0,0,0,0,0,2,1,2,0,0,2,0,2,1,1,0,1,1,1,0,0,0,0,4,4,3,1,1,2
671,2,0,0,2,2,1,0,0,2,2,1,0,0,0,0,2,0,4,0,0,0,0,0,2,2,4,1,1,0
672,1,1,0,2,2,1,2,0,2,2,0,0,0,1,1,2,1,1,1,1,1,1,1,0,1,3,0,1,2
673,1,1,1,1,1,1,1,2,0,0,0,0,0,1,2,1,2,4,2,2,2,0,1,4,2,3,0,1,0
672,1,1,1,1,1,1,0,0,1,1,1,0,0,0,0,1,0,4,1,1,1,1,1,2,2,4,0,1,2
675,4,2,0,2,2,1,1,1,0,0,0,1,0,1,1,0,1,1,1,1,1,1,1,2,2,6,0,1,2
676,1,1,0,1,2,1,1,0,0,0,0,0,0,1,1,1,1,1,1,1,1,1,1,0,1,3,1,1,0
677,2,0,0,2,1,3,2,0,0,2,0,0,1,1,1,1,2,2,0,1,0,1,1,2,2,3,1,1,0
678,4,4,4,4,4,4,4,4,4,4,4,4,0,1,1,4,1,1,0,1,0,1,1,4,4,3,1,1,1
679,1,1,0,0,2,1,2,2,2,2,0,0,0,2,2,1,2,2,1,1,1,1,1,0,2,3,1,1,2
680,1,1,0,0,2,1,1,1,2,2,1,0,0,2,1,1,1,0,2,1,1,1,1,2,1,3,0,1,1
681,4,4,4,4,4,4,4,4,4,4,4,4,1,1,1,1,1,1,1,1,1,1,1,2,1,2,1,1,2
682,0,0,0,0,2,0,1,2,0,0,2,0,0,1,1,0,1,1,1,1,1,1,1,2,1,2,0,1,0
683,1,1,1,1,1,1,2,0,2,0,2,0,4,1,2,2,1,1,2,1,1,1,1,0,1,2,0,1,2
682,1,0,0,2,2,2,0,0,1,2,0,0,1,0,0,1,0,4,0,0,1,1,1,0,1,3,1,1,1
685,1,1,0,0,2,0,1,0,0,0,0,0,0,1,2,1,2,1,1,1,1,1,1,2,1,2,1,1,2
686,1,0,1,1,2,1,0,0,1,1,1,0,4,2,0,1,0,4,1,1,1,0,1,0,1,3,1,1,2
687,4,4,4,4,4,4,4,4,4,4,4,4,4,2,2,1,1,1,1,1,1,0,1,2,1,3,1,1,1
688,2,2,0,0,2,0,1,0,2,2,0,0,0,1,1,1,2,0,0,0,2,0,0,2,2,3,1,1,0
689,0,4,0,0,2,1,0,2,2,1,2,0,0,1,1,1,2,1,1,0,0,0,0,4,4,2,0,1,2
690,1,1,0,0,2,2,2,0,0,2,2,0,0,1,1,1,1,1,0,1,1,1,1,0,1,3,0,1,2
691,1,0,0,1,2,0,2,2,2,1,2,0,1,2,1,0,2,4,1,1,1,1,1,0,2,3,0,1,2
692,4,4,4,4,4,4,4,4,4,4,4,4,4,1,2,0,2,2,1,1,1,1,1,2,1,3,0,1,2
693,2,0,1,0,1,0,1,1,0,0,0,1,0,1,2,1,1,1,1,1,1,0,1,2,1,3,0,1,0
692,2,2,0,2,2,3,2,0,0,0,0,0,0,0,0,1,2,4,2,1,1,0,0,2,2,3,1,1,0
695,2,0,0,2,2,0,2,0,0,2,2,0,0,2,1,2,0,4,1,0,0,0,0,2,2,4,1,1,0
696,2,2,0,0,2,1,2,2,2,0,0,0,1,1,2,2,2,1,0,2,2,0,0,2,2,4,1,1,0
697,1,0,0,2,2,1,2,0,0,0,2,0,1,2,2,1,0,4,1,1,1,1,1,2,1,3,0,1,0
698,1,1,2,2,0,1,0,0,1,1,1,0,1,2,2,1,0,4,1,1,1,1,1,0,1,4,1,1,2
699,1,0,0,2,1,1,0,0,2,1,1,0,1,0,2,1,0,4,0,0,0,0,0,4,4,4,1,1,1
700,2,2,0,0,2,0,2,0,2,2,2,0,2,1,1,2,2,2,2,2,2,0,0,2,2,3,1,1,0
701,2,2,0,2,2,0,2,0,0,2,2,0,1,1,2,1,2,4,1,1,1,0,1,0,1,3,0,1,0
702,1,1,2,2,2,0,2,0,2,2,2,0,1,1,2,1,1,2,1,1,1,1,1,2,2,3,0,1,2
703,2,0,0,2,2,2,2,0,0,2,2,0,0,1,2,1,2,4,1,2,2,0,0,2,1,3,1,1,0
702,2,0,0,2,2,0,0,0,2,2,2,0,1,2,0,1,2,0,0,1,1,0,1,0,1,3,1,1,0
705,4,4,4,4,4,4,4,4,4,4,4,4,0,1,2,1,2,0,1,1,1,1,1,2,1,3,0,1,1
706,2,0,1,1,2,1,2,2,0,0,1,0,0,1,1,3,0,4,0,0,0,0,0,2,2,4,1,1,2
707,1,1,0,2,1,2,2,2,2,0,0,0,0,1,2,1,1,1,2,1,1,1,1,2,1,3,1,1,2
708,4,4,4,4,4,4,4,4,4,4,4,4,2,1,2,1,4,4,2,0,1,0,1,2,1,3,1,1,1
709,1,1,2,1,1,2,0,0,1,1,2,0,2,0,0,1,2,4,2,1,1,1,1,0,0,6,0,1,0
710,1,1,1,1,1,0,0,0,2,2,2,0,1,0,2,1,0,4,1,2,1,0,1,2,2,2,1,1,1
711,1,1,0,2,2,1,2,0,2,2,1,0,0,1,2,1,2,4,1,1,1,1,1,0,1,4,1,1,2
712,1,0,0,0,2,1,0,0,2,2,1,0,1,2,0,1,1,0,1,1,1,1,1,2,1,3,0,1,1
713,0,4,0,0,2,1,1,1,0,0,0,0,0,1,1,0,1,1,2,1,1,0,0,0,2,3,1,1,0
712,1,1,0,0,1,1,0,0,1,1,1,0,1,0,0,1,0,4,1,1,1,1,1,0,1,2,1,1,2
715,1,1,0,0,1,1,2,0,2,1,1,0,0,2,2,1,0,4,1,0,0,0,0,4,4,3,1,1,1
716,1,1,0,0,1,1,2,2,2,1,2,0,1,1,1,1,1,2,1,1,1,1,1,0,1,3,2,1,1
717,1,1,2,1,1,0,2,2,2,1,1,0,1,2,0,0,2,2,1,1,1,1,1,2,1,4,1,1,1
718,1,1,0,0,2,2,1,0,2,2,0,0,0,2,1,1,1,1,1,1,1,1,1,2,1,2,2,1,1
719,1,1,0,0,2,2,0,0,0,0,2,0,0,2,2,0,0,4,1,1,1,1,1,0,1,3,0,1,2
720,1,2,0,0,2,0,2,0,0,2,2,0,4,2,1,1,2,0,1,1,1,1,1,0,2,3,1,1,2
721,2,2,0,2,2,2,2,0,2,0,0,0,4,1,1,2,2,2,0,0,0,0,0,2,2,3,1,1,2
722,1,0,0,2,2,1,0,0,2,1,1,0,1,2,0,1,2,0,2,0,0,0,0,4,4,3,1,1,2
723,2,2,0,2,2,2,0,0,2,2,1,0,2,2,2,1,0,4,0,0,2,0,0,2,2,2,1,1,0
722,4,4,4,4,4,4,4,4,4,4,4,4,1,1,2,1,4,4,1,2,1,1,1,0,2,3,1,1,1
725,4,4,4,4,4,4,4,4,4,4,4,4,0,1,1,0,1,1,2,1,1,1,1,2,1,3,0,1,1
726,1,1,0,0,2,1,0,0,2,2,2,0,0,0,0,1,0,4,0,1,1,1,1,2,1,2,1,1,2
727,4,4,4,4,4,4,4,4,4,4,4,4,1,2,2,1,1,4,1,2,0,1,1,0,1,3,0,1,1
728,4,4,4,4,4,4,4,4,4,4,4,4,1,2,1,1,2,1,1,1,1,1,1,0,2,4,1,1,2
729,4,4,4,4,4,4,4,4,4,4,4,4,1,1,2,1,0,4,1,2,2,0,1,0,1,3,0,1,1
730,0,0,0,0,2,1,0,0,2,1,1,0,1,2,0,4,2,4,1,0,0,0,0,4,4,2,1,1,2
731,2,2,0,0,2,0,1,0,0,0,0,0,1,2,2,1,2,4,1,0,0,0,1,2,2,3,0,1,2
732,4,4,4,4,4,4,4,4,4,4,4,4,0,2,2,1,1,1,1,1,1,1,1,2,1,6,1,1,1
733,1,1,0,1,2,2,0,0,2,2,2,0,1,2,2,1,0,4,1,1,1,1,1,0,1,3,1,1,2
732,4,0,2,2,2,1,0,0,2,2,2,0,4,0,0,1,0,4,0,0,0,0,0,4,4,2,1,1,2
735,1,1,1,0,1,0,2,0,2,1,0,0,1,2,2,1,0,4,1,2,2,0,0,4,4,2,1,1,2
736,1,1,1,1,1,1,0,0,1,1,1,0,0,0,2,1,0,4,1,1,1,1,1,0,2,3,0,1,2
737,2,0,0,2,2,1,0,0,2,1,1,0,1,1,0,1,0,4,1,1,2,1,1,1,1,3,1,1,2
738,1,2,1,0,1,0,1,0,1,1,0,1,1,2,0,1,1,1,1,1,1,1,1,2,1,2,2,1,2
739,2,2,0,2,2,2,0,0,1,1,2,0,1,2,0,1,0,4,0,1,1,1,0,0,0,4,1,1,2
720,2,2,0,0,2,2,2,0,0,2,0,0,1,1,2,2,2,2,1,1,0,1,1,0,2,3,1,1,0
721,1,0,0,0,2,1,1,0,2,0,2,0,0,1,1,0,1,1,1,1,1,0,1,4,4,3,1,1,2
722,4,2,2,2,2,2,2,2,2,0,2,0,1,2,2,1,1,1,2,0,2,0,1,4,4,3,1,1,0
723,1,1,0,0,1,0,1,1,0,0,0,0,0,1,1,1,1,0,1,1,1,1,1,2,1,4,0,1,2
722,0,4,0,0,2,2,2,2,0,0,0,0,1,2,2,1,0,4,0,0,0,0,0,4,4,3,1,1,2
725,1,1,0,2,2,1,2,0,2,0,0,0,1,2,2,1,0,4,1,1,1,1,1,2,1,3,0,1,1
726,1,0,1,0,1,1,0,0,2,1,1,0,1,1,2,0,2,0,1,1,1,1,1,0,2,3,1,1,2
727,4,4,4,4,4,4,4,4,4,4,4,4,0,1,1,1,1,4,1,1,1,1,1,1,1,4,1,1,0
728,2,0,0,0,2,0,2,2,0,0,2,0,2,2,2,0,2,1,1,1,2,1,1,2,1,5,0,1,2
729,0,0,0,0,0,1,1,1,0,0,2,0,4,1,1,0,0,4,1,0,1,0,0,1,1,2,1,1,0
750,1,1,1,1,1,1,0,0,0,2,1,0,1,1,1,0,2,1,1,1,1,1,1,0,1,3,1,1,2
751,1,2,0,0,2,2,2,0,0,0,2,0,0,1,1,1,0,4,1,1,1,1,1,0,1,3,1,1,2
752,0,2,0,2,0,1,1,2,0,0,0,0,0,1,1,0,1,1,1,1,1,1,1,0,1,4,0,1,2
753,4,4,4,4,4,4,4,4,4,4,4,4,1,0,0,4,1,0,0,0,0,0,0,4,4,3,1,1,2
752,2,0,0,0,2,0,1,1,2,1,2,0,1,1,1,1,1,2,1,2,2,0,0,2,2,3,0,1,2
755,0,0,0,2,2,0,1,0,0,0,2,0,0,1,1,1,0,4,1,1,1,1,1,2,1,2,1,1,2
756,2,2,0,1,2,3,2,0,0,0,0,0,1,1,2,2,1,0,2,1,2,1,1,0,1,2,1,1,2
757,1,2,1,1,1,1,2,2,0,0,2,0,4,1,1,1,2,2,0,0,0,0,0,4,4,3,1,1,2
758,1,1,1,1,2,1,0,0,1,1,0,0,1,2,0,1,2,0,1,1,1,1,1,2,1,3,1,1,2
759,1,0,0,0,1,2,1,1,0,0,0,1,0,1,1,0,1,1,1,1,1,1,1,1,1,3,4,1,0
760,4,4,4,4,4,4,4,4,4,4,4,4,1,1,1,1,1,1,1,1,1,1,1,2,2,4,0,1,1
761,1,2,2,1,1,2,1,1,0,0,2,0,0,1,1,4,2,2,0,0,0,0,0,4,4,2,1,1,2
762,4,4,4,4,4,4,4,4,4,4,4,4,1,1,1,1,1,1,1,1,1,1,1,0,1,3,0,1,1
763,2,2,2,0,2,1,2,0,1,1,1,0,0,2,2,3,2,4,2,0,0,0,1,2,2,4,0,1,0
762,1,1,1,1,1,2,0,0,2,1,2,0,0,2,0,1,0,4,1,1,1,1,1,2,2,4,1,1,0
765,2,2,2,2,2,2,2,0,0,2,2,0,1,1,2,2,0,4,0,1,0,1,1,2,2,4,0,1,2
766,0,0,0,0,2,2,2,2,0,0,2,0,1,1,1,0,1,2,0,0,0,0,0,4,4,4,1,1,2
767,1,1,0,2,1,0,1,2,0,0,2,0,4,1,1,0,2,2,1,1,1,1,1,0,4,3,0,1,0
768,4,4,4,4,4,4,4,4,4,4,4,4,0,1,1,0,1,1,2,1,0,1,1,2,1,3,0,1,0
769,2,0,2,2,2,3,2,0,2,2,2,0,2,1,2,1,0,4,2,1,1,1,1,0,1,2,1,1,2
770,1,1,0,1,1,1,1,2,2,2,0,0,1,2,0,1,1,0,1,1,2,1,1,2,1,3,0,1,2
771,1,1,1,1,2,1,2,2,1,1,1,0,0,0,0,1,1,1,0,1,1,1,1,0,1,6,1,1,2
772,4,4,4,4,4,4,4,4,4,4,4,4,0,1,1,0,1,2,1,1,1,1,1,0,1,5,0,1,1
773,4,4,4,4,4,4,4,4,4,4,4,4,0,1,1,0,2,2,1,1,1,1,1,2,1,3,0,1,2
772,0,1,0,0,2,1,1,2,1,2,0,1,4,2,2,1,1,0,1,1,1,1,1,2,1,3,0,1,0
775,2,0,0,2,2,0,0,0,2,1,2,0,0,2,0,1,0,4,1,1,1,1,1,2,2,4,0,1,2
776,1,1,0,2,2,1,1,0,0,0,2,0,0,1,1,1,1,1,1,1,1,0,1,4,1,3,1,1,1
777,1,1,1,1,2,2,0,0,2,1,1,1,1,1,2,1,1,1,0,1,2,1,1,0,2,3,0,1,0
778,2,0,1,1,1,1,0,0,2,1,1,1,4,1,1,1,2,4,0,0,0,0,0,2,2,2,1,1,2
779,2,1,0,1,1,1,0,0,0,1,2,0,2,0,0,2,0,4,0,0,0,0,0,2,2,2,0,1,2
780,2,2,0,0,2,2,2,0,0,2,0,0,0,1,1,3,0,4,1,1,1,1,1,2,1,2,1,1,0
781,0,1,0,0,0,1,2,2,0,0,0,0,1,1,0,1,2,0,1,2,2,0,0,4,2,3,1,1,2
782,2,0,0,2,2,0,2,0,1,2,2,0,1,2,0,1,2,0,0,1,1,1,1,0,2,4,0,1,0
783,1,1,0,2,2,1,2,0,0,1,2,0,1,0,0,0,0,4,0,1,1,1,1,2,2,3,1,1,2
782,4,4,4,4,4,4,4,4,4,4,4,4,1,2,0,1,1,2,1,1,1,1,1,0,1,3,1,1,2
785,1,1,1,1,2,1,0,0,1,1,1,0,1,0,0,1,0,4,0,0,0,0,0,4,4,3,1,1,1
786,1,1,0,1,1,1,0,0,1,1,2,0,0,0,0,1,2,0,2,0,1,1,1,2,1,3,1,1,2
787,2,0,0,2,2,1,2,2,2,2,2,0,4,0,0,2,0,4,2,2,2,0,1,0,2,2,0,1,2
788,1,1,0,2,2,2,2,0,2,2,2,0,1,2,2,1,0,4,2,2,2,0,0,4,4,3,1,1,1
789,2,2,0,1,1,0,2,2,2,2,0,0,2,2,2,1,1,0,0,0,1,1,1,1,1,3,1,1,0
790,2,0,0,0,2,1,2,0,0,0,0,0,4,2,0,1,0,4,1,0,1,0,0,2,1,2,1,1,2
791,4,4,4,4,4,4,4,4,4,4,4,4,1,1,1,2,1,1,1,1,1,1,1,2,1,2,0,1,2
792,1,1,0,1,2,1,2,0,2,2,1,0,1,1,1,1,1,1,1,1,2,1,1,0,2,3,1,1,2
793,4,4,4,4,4,4,4,4,4,4,4,4,1,2,2,1,0,4,1,2,2,0,1,0,2,3,1,1,1
792,1,2,2,1,1,0,2,0,2,2,2,0,0,2,1,0,0,4,0,0,0,0,0,4,4,4,1,1,2
795,4,4,4,4,4,4,4,4,4,4,4,4,1,0,0,1,0,4,1,1,1,1,1,0,1,3,1,1,2
796,1,2,1,1,2,0,2,0,0,2,2,0,0,2,0,4,2,4,2,0,0,0,0,4,4,4,1,1,2
797,1,1,0,1,2,0,2,0,0,0,2,0,0,1,1,2,0,4,1,1,1,1,1,0,1,3,0,1,1
798,1,0,0,2,2,2,1,2,2,0,2,0,0,2,2,1,2,1,1,1,2,0,0,4,4,4,1,1,2
799,4,4,4,4,4,4,4,4,4,4,4,4,0,1,1,1,1,2,0,1,1,1,1,2,1,3,0,1,1
800,0,2,0,0,2,1,1,2,0,0,0,1,4,1,1,2,1,1,2,1,1,1,1,2,1,2,1,1,2
801,1,2,1,1,2,1,2,0,0,0,2,1,0,1,1,1,2,2,1,1,1,1,1,0,2,3,1,1,0
802,1,1,0,0,1,2,0,0,2,1,2,0,1,2,2,1,2,2,1,2,1,1,1,2,2,3,0,1,0
803,1,1,0,0,2,1,2,0,2,2,0,0,1,1,1,0,1,1,1,1,2,1,1,0,1,2,0,1,0
802,1,0,0,0,2,1,2,0,0,2,0,0,1,2,2,1,1,1,0,0,0,0,0,4,4,3,1,1,0
805,4,4,4,4,4,4,4,4,4,4,4,4,0,1,1,1,1,1,1,1,1,1,1,0,1,4,1,1,1
806,1,2,0,0,2,0,2,2,0,2,2,0,1,0,0,1,0,4,0,1,1,1,1,0,1,3,1,1,2
807,1,1,0,0,2,2,2,0,0,0,2,0,4,1,1,1,0,4,0,1,2,1,1,0,1,4,1,1,0
808,2,1,0,0,2,3,2,2,0,0,2,0,0,1,1,2,0,4,2,2,2,1,1,0,0,3,0,1,0
809,1,2,1,1,2,1,2,0,2,1,2,0,1,2,2,1,2,0,1,1,1,1,1,0,2,3,0,1,2
810,1,0,0,2,1,0,2,0,2,0,2,0,1,1,2,1,1,2,2,1,2,0,1,2,1,3,1,1,0
811,1,0,0,0,2,1,1,2,0,0,0,0,0,1,1,2,1,1,0,0,0,0,0,4,4,4,1,1,2
812,4,1,0,0,0,2,1,1,0,0,2,0,0,1,1,0,1,4,1,1,1,1,1,2,1,3,0,1,2
813,4,4,1,1,1,2,2,0,1,2,1,0,0,1,2,1,0,4,1,1,2,1,1,2,1,2,2,1,0
812,1,0,0,0,2,0,1,0,2,0,0,0,4,1,0,0,0,4,1,1,1,1,1,0,1,2,1,1,2
815,1,1,0,2,2,1,1,2,0,0,0,0,0,1,1,0,1,4,1,1,1,1,1,0,0,3,1,1,1
816,1,1,0,0,2,1,0,0,1,1,2,0,0,0,0,1,0,4,1,1,1,1,1,2,1,3,1,1,0
817,1,1,0,0,1,1,0,0,2,1,2,0,2,2,0,2,2,4,1,2,1,1,1,2,2,3,1,1,2
818,1,1,1,1,2,1,0,0,1,1,1,0,1,1,2,0,0,4,1,1,2,1,1,0,2,3,0,1,1
819,1,0,0,1,2,2,2,2,2,1,0,0,1,1,1,2,0,4,1,1,1,1,0,4,1,4,1,1,0
820,0,1,1,0,0,2,2,0,2,1,1,0,1,1,1,1,2,0,1,1,1,1,0,2,2,3,1,1,2
821,1,2,0,0,1,1,1,1,0,0,1,0,4,1,1,2,1,1,0,1,1,1,1,1,1,2,0,1,2
822,4,2,1,1,1,2,0,0,2,2,0,0,4,2,2,1,2,2,0,0,0,0,0,2,2,2,1,1,2
823,1,1,0,2,1,1,0,0,1,1,2,0,1,0,0,1,0,4,1,1,1,1,1,0,1,2,0,1,2
822,1,1,0,2,1,1,0,0,1,2,0,0,1,1,2,1,2,0,1,1,1,1,1,0,2,4,0,1,0
825,4,2,0,2,2,1,2,0,2,0,2,0,4,2,0,0,2,2,1,1,1,1,1,2,1,2,0,1,0
826,0,0,0,0,2,1,2,0,0,2,2,0,4,2,2,0,2,0,0,0,0,0,0,4,4,2,1,1,0
827,1,1,1,1,1,1,2,2,1,0,0,1,0,2,2,2,0,4,1,1,1,1,1,2,1,2,1,1,2
828,1,0,0,0,1,1,0,0,1,1,1,0,0,2,0,1,1,1,1,1,1,1,1,0,1,4,0,1,1
829,4,4,4,4,4,4,4,4,4,4,4,4,1,2,2,1,2,4,1,0,0,0,1,4,4,3,0,1,2
830,1,1,1,1,2,0,2,2,1,1,2,1,1,1,0,1,1,1,1,1,2,1,1,0,2,5,1,1,2
831,2,2,0,1,2,0,2,0,2,1,0,0,0,0,0,1,1,2,1,2,1,1,0,2,1,3,0,1,2
832,4,4,4,4,4,4,4,4,4,4,4,4,1,1,1,2,1,2,0,1,1,1,1,1,1,6,1,1,1
833,0,0,0,0,2,2,1,2,0,0,2,0,0,1,1,1,0,4,0,0,0,0,0,4,4,3,0,1,1
832,4,4,4,4,4,4,4,4,4,4,4,4,1,2,0,1,1,0,2,0,0,0,0,4,4,3,1,1,2
835,4,4,4,4,4,4,4,4,4,4,4,4,1,2,2,1,0,4,1,1,1,0,0,4,2,3,1,1,1
836,2,2,0,2,2,2,2,2,2,2,2,0,1,1,2,1,1,2,0,0,0,0,0,2,2,3,1,1,0
837,4,4,0,0,2,1,0,0,2,1,2,0,1,2,0,1,0,4,0,1,0,1,0,4,4,4,1,0,2
838,0,4,0,0,2,2,2,0,2,2,2,0,2,2,2,1,2,1,0,2,0,0,1,4,4,4,1,0,1
839,4,4,4,4,4,4,4,4,4,4,4,4,1,1,2,2,0,4,0,1,1,1,1,2,2,2,1,0,2
820,1,2,0,1,1,1,1,1,2,1,0,1,0,1,2,1,1,0,0,0,1,0,1,4,1,2,1,0,2
821,0,0,0,0,2,2,2,0,1,2,0,0,1,2,2,1,2,2,0,0,0,0,0,4,4,3,1,0,0
822,2,0,1,1,2,3,2,0,2,2,2,1,0,1,0,3,1,1,1,1,2,0,1,2,1,3,0,0,0
823,4,4,0,0,1,1,0,0,1,1,1,0,0,1,1,0,1,2,1,1,1,1,1,2,1,3,2,0,0
822,1,2,0,2,1,1,0,0,2,1,1,0,0,0,0,0,2,0,0,1,1,0,0,4,2,4,1,0,2
825,0,1,0,0,2,1,0,0,1,1,1,0,1,2,1,1,1,1,0,0,2,0,0,0,2,3,1,0,0
826,0,2,1,0,2,1,0,0,2,1,2,0,1,2,0,1,0,4,1,1,2,1,1,0,2,3,1,0,2
827,4,4,4,4,4,4,4,4,4,4,4,4,2,0,2,2,2,4,1,1,2,1,1,4,4,2,1,0,2
828,4,4,0,0,2,1,1,0,0,2,0,0,1,1,1,1,2,1,0,1,2,1,1,0,1,3,1,0,0
829,4,4,4,4,4,4,4,4,4,4,4,4,0,2,2,0,0,4,0,0,0,0,0,4,4,4,1,0,2
850,1,1,0,2,1,2,0,0,2,1,2,0,1,2,2,1,0,4,0,0,0,0,0,4,4,2,1,0,0
851,2,2,0,2,2,0,2,0,0,0,0,0,1,1,1,3,1,0,2,1,1,1,1,2,1,4,1,0,2
852,0,4,1,2,2,2,0,0,2,1,1,0,0,2,2,1,2,0,0,0,1,0,0,0,2,3,1,0,2
853,2,2,0,0,2,3,0,0,1,1,2,0,1,2,0,1,0,4,1,0,2,0,0,0,0,3,1,0,2
852,2,2,2,0,2,2,2,2,2,2,2,0,4,1,1,2,0,4,1,1,1,1,1,2,2,2,1,0,0
855,1,1,0,1,2,2,2,0,0,0,2,0,0,2,2,0,0,4,2,0,2,0,0,4,2,2,1,0,0
856,0,4,1,0,1,1,0,0,1,1,1,0,2,2,2,2,0,4,0,0,0,0,0,4,4,3,1,0,2
857,0,4,0,1,2,1,0,0,1,1,1,0,2,2,0,1,0,4,2,2,0,0,0,4,4,4,1,0,2
858,2,2,0,0,2,3,2,2,0,0,1,0,4,1,0,1,0,4,0,0,0,0,0,2,2,4,1,0,0
859,4,4,4,4,4,4,4,4,4,4,4,4,1,2,2,1,0,4,0,2,2,0,1,4,4,3,1,0,2
860,0,2,0,0,2,1,2,0,1,1,0,0,1,1,2,1,0,4,2,1,1,1,1,2,1,4,1,0,0
861,4,4,4,4,4,4,4,4,4,4,4,4,1,2,0,0,0,4,1,1,1,1,1,1,1,4,1,0,1
862,2,2,0,2,1,1,0,0,1,1,2,0,2,0,0,1,0,4,0,0,0,0,0,2,2,4,1,0,0
863,4,4,0,0,0,1,0,0,2,2,1,0,4,0,0,0,4,4,0,0,0,0,0,4,4,2,1,0,2
862,1,2,0,1,2,1,0,0,2,2,0,0,0,2,0,2,0,4,0,0,0,0,0,4,4,4,1,0,1
865,1,0,0,0,2,1,2,0,1,1,2,0,1,1,0,1,1,2,1,1,1,1,1,0,2,3,0,0,2
866,1,1,0,0,1,1,0,0,1,1,1,0,1,2,2,1,2,0,2,0,0,0,0,4,4,3,1,0,1
867,4,4,1,1,1,1,1,0,2,2,1,0,0,1,0,1,1,4,0,1,1,1,1,2,1,3,1,0,2
868,2,0,0,0,2,1,2,0,2,2,2,0,1,1,2,1,2,1,0,2,0,0,0,2,2,4,1,0,0
869,0,0,0,0,2,1,1,2,0,0,0,1,0,1,0,0,1,1,1,1,1,1,1,1,1,3,0,0,2
870,4,4,4,4,4,4,4,4,4,4,4,4,0,1,1,1,2,1,1,2,2,0,0,2,2,2,1,0,0
871,2,2,0,2,2,2,0,0,2,2,2,0,0,2,0,2,2,2,2,1,2,1,1,0,2,3,2,0,2
872,2,0,1,2,2,1,0,0,1,1,1,0,4,2,2,1,0,4,1,2,2,0,0,0,2,3,1,0,0
873,0,0,0,0,2,1,0,0,2,2,2,0,1,0,0,1,0,4,1,1,1,1,1,2,1,3,1,0,2
872,4,4,4,4,4,4,4,4,4,4,4,4,0,1,1,0,1,1,1,1,1,1,1,2,1,3,1,0,2
875,2,2,0,0,2,3,0,0,2,2,2,0,1,2,2,3,1,2,0,0,0,0,0,2,2,2,1,0,2
876,4,4,0,0,0,0,0,0,0,1,2,0,0,2,0,4,2,2,2,1,2,0,1,4,4,3,2,0,0
877,1,1,1,1,1,1,0,0,1,1,1,0,2,1,2,1,1,1,1,1,1,1,1,2,1,3,1,0,1
878,4,4,0,0,2,1,2,0,1,1,0,0,0,0,0,1,1,0,1,1,1,1,1,2,2,2,1,0,2
879,0,0,2,0,2,0,2,0,2,2,1,0,1,1,0,0,0,4,1,1,0,1,1,2,1,2,1,0,0
880,2,0,0,1,2,3,2,0,0,2,1,0,1,1,1,1,2,0,1,1,1,1,1,0,1,3,0,0,0
881,1,2,1,0,2,1,0,0,2,2,1,0,1,2,2,1,0,4,0,0,0,0,0,4,4,3,1,0,2
882,1,1,1,1,1,1,2,0,1,2,1,0,4,2,2,1,0,4,1,2,2,0,1,2,1,3,1,0,1
883,4,4,4,4,4,4,4,4,4,4,4,4,1,0,2,4,0,4,0,1,2,1,1,2,1,3,1,0,1
882,0,4,0,0,2,1,0,0,0,2,1,0,0,2,2,0,1,2,2,2,2,0,0,4,4,3,0,0,2
885,0,0,0,0,2,1,2,2,1,1,2,0,0,1,2,1,1,2,1,1,1,1,1,2,2,4,1,0,1
886,2,2,0,0,2,3,0,0,2,2,0,1,0,2,2,3,2,1,1,1,1,1,1,0,2,3,0,0,0
887,4,4,4,4,4,4,4,4,4,4,4,4,1,0,2,1,0,4,1,1,1,1,1,2,1,3,0,0,0
888,2,2,1,1,1,1,0,0,1,1,1,0,0,0,0,1,0,4,0,0,0,0,1,2,2,3,1,0,2
889,0,4,0,0,1,2,2,0,2,0,2,0,0,2,2,0,2,1,0,2,2,0,0,4,2,4,1,0,2
890,2,2,2,2,2,1,0,0,1,1,1,0,1,2,0,1,1,0,0,0,0,0,0,2,2,3,1,0,2
891,0,0,0,0,2,0,2,0,0,1,0,1,1,1,1,4,1,4,0,0,0,0,0,4,4,3,1,0,0
892,2,0,0,0,0,0,2,2,0,0,2,0,4,2,0,2,2,4,0,0,0,0,1,2,2,3,1,0,0
893,2,2,1,2,1,1,1,0,0,0,2,0,0,1,1,0,0,4,0,0,2,0,0,1,2,3,1,0,2
892,2,2,0,0,1,1,0,0,2,2,2,0,0,2,0,1,0,4,0,1,1,0,1,0,2,3,1,0,2
895,1,2,1,1,1,1,0,0,1,1,1,0,1,1,2,1,0,4,0,1,0,1,1,2,1,6,1,0,1
896,0,0,0,0,2,2,2,0,2,0,0,0,1,2,2,2,2,0,1,2,0,0,1,4,4,4,1,0,0
897,4,4,4,4,4,4,4,4,4,4,4,4,4,1,1,1,4,4,1,1,1,1,1,2,2,3,1,0,2
898,2,2,0,0,2,1,2,2,0,0,0,0,1,2,0,2,1,0,0,1,1,1,1,0,2,3,1,0,0
899,4,4,0,0,2,1,0,0,1,1,1,0,0,1,0,1,0,4,0,0,0,0,0,4,4,2,1,0,0
900,0,2,0,0,2,1,1,2,0,2,0,0,0,1,1,0,2,2,0,1,0,1,1,0,2,3,0,0,0
901,2,2,1,1,1,1,0,0,2,1,1,0,1,0,0,1,2,0,1,1,0,1,1,0,1,3,1,0,2
902,2,2,0,0,2,1,2,0,2,1,1,0,0,2,1,1,1,0,2,2,2,0,0,2,0,4,1,0,0
903,0,4,0,0,2,2,0,0,2,2,2,0,1,1,0,4,0,4,0,0,0,0,0,4,4,3,1,0,2
902,4,4,1,1,2,1,0,0,1,1,1,0,1,2,0,1,4,4,0,2,2,0,0,4,2,4,1,0,0
905,0,4,0,0,0,0,2,0,2,2,2,0,1,2,1,1,1,2,0,1,1,1,1,0,1,3,1,0,0
906,4,4,0,0,2,1,0,0,2,2,2,0,1,2,0,4,0,4,0,0,0,0,0,4,4,3,1,0,0
907,4,4,4,4,4,4,4,4,4,4,4,4,1,1,1,1,1,1,1,1,1,1,1,2,1,3,1,0,2
908,4,4,0,0,2,1,2,2,2,2,1,0,0,2,2,0,2,0,2,2,0,0,0,2,2,3,1,0,1
909,1,1,1,1,2,0,2,0,1,1,1,0,1,0,0,1,0,4,1,1,2,1,1,0,2,4,1,0,2
910,4,4,4,4,4,4,4,4,4,4,4,4,0,2,2,1,1,2,0,1,2,1,1,2,2,3,1,0,2
911,2,0,1,1,2,2,1,2,0,2,0,0,0,1,1,0,2,2,1,1,2,1,1,2,1,3,2,0,0
912,1,1,1,1,1,2,0,0,1,2,2,0,1,0,0,1,4,4,2,2,2,1,1,0,0,3,1,0,2
913,0,0,2,2,2,2,1,2,0,0,2,0,1,2,2,1,2,2,2,2,2,0,1,0,0,3,1,0,0
912,1,0,0,2,1,1,2,0,0,0,0,1,0,1,1,0,1,0,1,1,1,1,1,2,1,4,1,0,2
915,4,4,0,1,2,1,1,0,0,0,0,0,0,1,1,0,2,0,2,0,2,0,0,4,4,2,1,0,0
916,0,0,1,1,1,0,0,0,1,2,0,0,0,1,0,1,1,2,1,1,0,1,1,0,2,2,1,0,0
917,4,4,4,4,4,4,4,4,4,4,4,4,2,2,2,2,4,4,1,0,0,0,0,4,4,4,1,0,2
918,2,2,0,2,2,3,0,0,0,2,2,0,1,2,2,3,0,4,1,1,1,1,1,2,2,3,1,0,0
919,1,2,0,1,1,1,0,0,1,1,2,0,1,0,0,1,1,0,2,2,0,0,0,0,0,3,1,0,2
920,0,4,0,0,2,1,1,1,0,0,0,1,0,1,1,0,1,1,1,1,1,1,1,1,1,3,2,0,0
921,2,2,1,1,1,3,0,0,1,1,1,0,1,0,0,1,2,0,0,1,1,1,1,0,2,4,1,0,0
922,4,4,4,4,4,4,4,4,4,4,4,4,1,2,0,1,0,4,1,1,1,1,1,2,2,2,1,0,1
923,4,4,1,1,1,1,0,0,1,1,1,0,1,0,0,1,0,4,0,1,1,1,1,0,1,3,2,0,0
922,2,0,0,2,2,2,2,0,2,1,2,0,1,0,2,1,0,4,1,0,2,0,1,0,1,2,1,0,0
925,4,4,0,0,2,0,0,0,2,1,0,0,4,1,0,2,0,4,0,0,0,0,0,4,4,2,1,0,0
926,2,2,0,2,2,3,2,2,0,0,1,0,1,2,1,1,0,4,0,0,0,0,0,0,2,2,1,0,0
927,2,0,0,0,2,0,2,0,0,0,2,0,4,1,1,0,2,0,2,2,2,0,0,2,2,2,1,0,2
928,0,0,0,0,2,2,1,2,0,0,2,0,0,1,2,4,4,4,2,0,0,0,0,4,4,2,1,0,0
929,4,4,4,4,4,4,4,4,4,4,4,4,1,0,2,4,4,4,0,0,0,0,0,4,4,3,0,0,1
930,1,2,1,2,2,1,2,0,2,1,2,0,4,2,2,1,4,4,0,0,0,0,0,4,4,4,1,0,2
931,2,0,0,0,2,0,1,0,0,0,0,0,0,1,1,0,1,0,1,1,1,1,1,2,2,3,1,0,0
932,4,4,4,4,4,4,4,4,4,4,4,4,4,2,2,1,4,4,1,1,1,1,1,1,1,3,1,0,1
933,4,4,4,4,4,4,4,4,4,4,4,4,1,2,2,1,1,2,0,2,0,0,0,4,4,3,1,0,2
932,2,2,2,2,2,1,0,0,1,1,1,0,2,2,2,1,0,4,0,0,0,0,0,2,2,4,1,0,2
935,4,4,4,4,4,4,4,4,4,4,4,4,1,1,1,1,1,1,0,0,0,0,0,4,4,5,1,0,0
936,4,4,4,4,4,4,4,4,4,4,4,4,0,2,0,1,0,4,2,0,0,0,1,4,4,3,0,0,1
937,4,2,0,2,2,0,2,2,1,2,0,0,4,1,0,4,0,4,0,0,0,0,0,4,4,3,1,0,1
938,0,4,0,0,2,0,0,0,2,1,1,0,0,0,0,2,0,4,1,1,1,1,1,0,2,3,0,0,1
939,4,4,2,2,2,1,0,0,0,2,1,0,0,1,2,0,0,4,2,1,1,0,0,4,2,3,0,0,1
920,0,4,0,0,2,1,0,0,1,1,0,0,1,2,2,1,0,4,1,1,1,1,1,0,1,3,1,0,2
921,1,1,1,1,1,0,1,0,1,1,0,0,4,0,1,1,1,1,1,0,0,0,0,0,2,3,0,0,2
922,0,4,0,0,2,2,1,0,0,0,2,1,0,1,1,1,1,2,2,1,1,1,1,1,1,3,1,0,0
923,0,4,1,0,1,1,0,0,2,1,1,0,1,2,2,0,1,0,2,2,2,0,0,0,2,4,1,0,1
922,1,1,1,1,1,1,2,0,2,2,2,0,1,2,2,0,0,4,2,2,0,0,1,0,2,3,0,0,2
925,1,1,1,1,2,2,2,2,1,1,1,0,0,2,2,1,1,0,0,0,0,0,0,4,4,3,0,0,2
926,2,0,0,2,2,0,1,2,2,2,2,0,0,1,2,2,0,4,0,0,0,0,0,2,2,3,1,0,2
927,1,1,1,1,1,1,0,0,1,1,1,0,1,0,0,2,1,0,1,1,2,0,0,2,2,2,1,0,2
928,4,4,4,4,4,4,4,4,4,4,4,4,1,2,0,1,2,0,1,0,0,0,1,2,2,4,1,0,0
929,2,2,0,0,2,0,0,0,2,1,1,0,0,1,0,1,1,1,1,1,1,0,0,2,1,4,1,0,0
950,1,0,0,1,2,1,2,0,0,2,1,0,2,1,1,0,0,4,0,0,0,0,0,4,4,2,0,0,0
951,0,4,0,0,2,0,2,2,2,2,2,0,0,1,2,1,1,2,2,1,1,1,1,4,1,4,0,0,2
952,2,0,0,2,2,0,1,0,2,1,0,0,1,1,1,1,0,4,1,1,1,1,0,0,1,3,1,0,0
953,0,4,0,0,2,1,1,0,0,0,0,0,4,1,1,1,2,2,1,1,1,1,1,0,1,3,0,0,0
952,1,2,0,0,2,2,2,0,2,2,0,0,0,0,0,1,0,4,0,2,0,0,0,4,4,3,1,0,2
955,0,4,0,0,2,2,2,0,2,2,0,0,0,2,2,1,4,4,0,1,2,0,0,2,1,2,1,0,0
956,4,0,0,0,0,0,1,0,2,2,1,0,1,2,2,1,0,4,1,1,0,0,0,2,1,3,1,0,2
957,4,4,4,4,4,4,4,4,4,4,4,4,0,1,1,4,0,4,0,0,0,0,0,4,4,3,1,0,2
958,2,2,1,1,2,1,0,0,2,1,1,0,1,0,0,2,0,4,0,0,0,0,0,2,2,3,0,0,0
959,2,0,0,0,1,1,0,0,2,1,1,0,1,2,0,1,1,0,0,0,0,0,0,2,2,2,1,0,2
960,0,0,0,0,2,1,0,0,2,2,1,0,1,0,0,1,0,4,1,1,0,0,1,4,4,3,1,0,1
961,2,0,0,0,2,3,0,0,0,0,0,0,1,1,2,2,1,2,0,1,2,0,0,2,2,3,0,0,0
962,4,4,4,4,4,4,4,4,4,4,4,4,0,2,2,4,1,0,2,0,0,0,0,4,4,3,1,0,2
963,1,2,2,1,0,1,2,2,2,0,2,1,1,1,2,1,1,1,0,1,0,1,1,0,2,3,0,0,1
962,4,4,4,4,4,4,4,4,4,4,4,4,0,1,1,1,1,1,1,2,0,0,1,2,2,3,0,0,2
965,2,2,2,2,2,3,0,2,1,1,1,0,2,0,0,1,0,4,0,1,1,1,1,0,1,3,1,0,2
966,4,4,0,0,2,1,2,0,0,0,2,0,0,2,0,0,1,1,1,1,1,0,1,4,2,2,1,0,2
967,0,4,0,0,0,0,2,2,0,0,0,0,1,2,2,4,4,4,2,0,0,0,0,4,4,3,1,0,0
968,2,0,0,0,1,1,1,1,1,1,0,0,1,1,2,1,1,0,1,1,1,1,1,1,1,3,1,0,0
969,0,4,0,0,2,1,2,0,2,2,2,0,1,1,2,1,1,2,2,1,1,1,1,2,1,3,1,0,0
970,4,4,4,4,4,4,4,4,4,4,4,4,1,2,2,4,4,4,2,2,0,0,0,4,4,3,1,0,2
971,1,1,1,1,1,1,2,0,0,0,1,0,0,1,1,1,0,4,1,0,0,0,0,4,4,4,1,0,2
972,4,4,0,0,2,0,2,0,2,2,0,0,0,1,0,1,1,4,1,1,1,1,1,2,4,2,1,0,2
973,4,4,4,4,4,4,4,4,4,4,4,4,1,1,1,0,2,1,0,1,1,1,1,0,2,3,1,0,2
972,4,4,4,4,4,4,4,4,4,4,4,4,4,2,2,0,1,0,1,0,2,0,0,4,2,2,1,0,1
975,4,4,4,4,4,4,4,4,4,4,4,4,0,1,1,2,1,1,2,1,2,0,1,2,1,3,1,0,1
976,4,2,0,0,2,1,2,0,1,1,1,0,4,1,0,4,4,4,0,0,0,0,0,4,4,2,1,0,0
977,0,4,0,1,1,1,0,0,1,1,0,0,1,2,2,1,1,0,1,1,1,1,1,0,2,3,1,0,2
978,0,0,0,0,0,0,2,2,0,0,2,0,4,1,1,0,0,4,2,1,1,0,0,2,2,2,1,0,0
979,4,4,0,0,2,1,0,0,2,2,2,0,2,2,2,4,0,4,2,0,0,0,0,4,4,3,0,0,2
980,2,0,0,0,2,1,0,0,2,2,2,0,1,2,0,3,0,4,0,0,0,0,0,2,2,3,1,0,0
981,4,4,0,0,2,2,1,2,2,0,0,1,4,1,1,2,1,2,1,2,2,0,0,4,4,3,1,0,2
982,0,0,0,0,2,0,2,2,2,2,2,0,1,2,2,1,2,4,2,1,2,1,1,2,2,4,1,0,0
983,0,4,0,0,2,0,2,0,2,0,2,0,0,2,2,0,1,2,1,1,1,1,1,2,1,3,1,0,0
982,0,0,0,0,0,1,0,0,1,1,1,0,1,2,0,1,0,4,0,2,0,0,0,4,4,3,1,0,0
985,0,1,1,1,2,0,1,1,0,2,0,0,1,1,1,0,1,1,2,0,1,1,1,0,1,3,0,0,2
986,0,0,0,0,1,2,0,0,2,2,2,0,1,2,0,0,0,4,0,1,1,1,1,0,2,2,1,0,0
987,2,2,0,0,2,3,1,0,0,2,0,0,1,1,1,1,1,1,1,1,2,1,1,0,1,4,1,0,0
988,1,1,0,0,0,2,1,2,2,2,0,1,1,1,1,2,1,1,1,1,2,1,1,2,2,3,1,0,0
989,1,1,1,1,1,2,0,0,2,1,1,0,1,2,2,0,1,0,2,0,1,1,1,0,2,4,1,0,1
990,1,2,1,0,2,2,1,0,0,0,1,0,0,1,2,1,0,4,0,1,1,1,0,2,1,4,1,0,0
991,4,4,4,4,4,4,4,4,4,4,4,4,1,2,2,2,0,4,2,2,2,0,0,4,4,3,1,0,1
992,4,4,4,4,4,4,4,4,4,4,4,4,1,2,2,1,0,4,1,1,0,1,1,2,1,4,0,0,2
